word,count_a,count_b,log_odds,z_score
black,434,36,1.393718551153147,8.034487468615453
vehicle,4263,1099,0.26122153114685176,7.691483908085442
foot,932,170,0.60594387700616,7.261001681654444
suspect,974,185,0.5654585978490063,7.045703530066499
gun,528,74,0.8691804071246807,7.000342708037977
running,891,168,0.5727119130524336,6.80469924763715
patrol,3381,882,0.2488598426463513,6.561461252576368
waistband,347,39,1.0897425081620424,6.451484783909624
school,289,29,1.203047728025763,6.175418753839573
handgun,275,26,1.2625802418612508,6.152944209526206
observed,2060,510,0.30070820199988724,6.068865227577193
group,706,138,0.5364807977692152,5.7610560539513065
chase,321,47,0.8251617841137406,5.282476536309984
ofc,2956,803,0.20793972170548347,5.210625954475715
marked,685,144,0.4636380281414061,5.054738712218852
fence,410,72,0.6433909001569766,5.033747551779156
tech,358,61,0.6735165040974911,4.861240780269197
car,3467,972,0.17640402195721006,4.844029145817164
southbound,185,20,1.1283689495757034,4.793362531615528
effective,2316,628,0.20949782542218642,4.646273145282324
interview,148,13,1.3359725722639482,4.618108460181763
westbound,175,20,1.0727768580870647,4.544556663894053
run,580,124,0.4466784621465294,4.512699419578959
yard,249,39,0.7576525720807599,4.398866812862064
fled,224,34,0.7890245151771476,4.286345676458106
ran,803,190,0.3453193923726401,4.27744449000587
description,237,39,0.7082331197433058,4.097921054902598
searched,486,106,0.42661209040217063,3.9780980530504055
eastbound,183,27,0.8173436629738697,3.964214250644129
northbound,187,28,0.8026007247953428,3.9603464891083724
pants,230,39,0.6782367146124111,3.915949415629183
porch,367,75,0.49165790962636,3.8787825484470457
stop,2766,796,0.149882076460651,3.7161213706447116
exited,462,103,0.40464502140725855,3.7121634247305377
continued,2881,834,0.14398606960107418,3.6512760679890595
matching,109,12,1.1100708255213654,3.649564622981324
officers,6200,1884,0.09588073081918758,3.6211751188222214
child,190,32,0.6849648371804564,3.584187919845386
hammer,73,3,2.095456336341986,3.5570372010854334
pocket,380,83,0.42509046854876864,3.507440438575639
jacket,203,36,0.6333659995683245,3.5018384036986605
store,241,46,0.5598524569310577,3.4789291282697685
officer,11637,3645,0.06595367459438117,3.4316075795439116
bound,89,9,1.1950168580661025,3.4163434384982385
males,327,70,0.44519338622573823,3.3795986563254448
wearing,290,60,0.4792490811439789,3.3783605812044013
search,585,143,0.31258366938674875,3.349074548371898
turned,1099,296,0.21573805275757874,3.291047332148791
menacing,68,5,1.5136547178509758,3.2665996663035304
reaching,267,55,0.48361031304058777,3.2652514553966445
firearm,114,16,0.8672238401958943,3.248216078331474
bicycle,97,12,0.9934072447400606,3.2461605520214163
strikes,194,36,0.5879981591754229,3.2397060654483627
area,2741,805,0.1294433839995186,3.2200266350432067
recovered,87,10,1.0669170040163962,3.19511966366091
investigation,373,85,0.3826580855010038,3.1827937162894964
driver,729,188,0.25906900305831027,3.165082486209066
gave,1138,311,0.2011631341965927,3.1404648095501972
shots,68,6,1.3313265407465487,3.1259945645412692
landed,349,79,0.3893415434222405,3.123998777317789
fight,706,182,0.2594345486916483,3.1187468217725622
drew,170,31,0.6054500701313765,3.099809875832165
traffic,457,110,0.32795437839000563,3.0867772637630857
motor,62,5,1.4212680719952786,3.0571064857854915
assault,104,15,0.8399392288690191,3.04096501183518
region,61,5,1.4050053301889687,3.0202789430818062
sight,69,7,1.1917702511080073,3.004326216729641
quickly,386,91,0.34869775209691944,2.99131565868941
moderately,329,75,0.38226924422903874,2.9866851254418605
underneath,462,113,0.31191956899259043,2.970939016457031
marijuana,109,17,0.7617308828423788,2.920960322656172
resisting,924,251,0.20711077168560177,2.907204483254621
baby,50,3,1.7169688700608585,2.8884490918265957
robbery,108,17,0.752512004218822,2.8838087581908467
heading,56,5,1.3194720521641852,2.826867685789459
pursued,122,21,0.6630972454738462,2.806494730529517
phone,249,55,0.4137745020678487,2.7766495039478913
described,97,15,0.7702437447979911,2.776039436521278
respondent,49,1,2.7953890038611853,2.7672830155126884
booking,1033,287,0.18459471556754803,2.7636929734887015
flee,193,40,0.4774408190377901,2.7478077223820856
caught,226,49,0.4323582742242529,2.743165575577697
shouted,71,9,0.9690203602629115,2.73856441345753
license,100,16,0.7361644494811461,2.7338787906526743
searching,120,21,0.6465634959877455,2.7331750199047944
custody,1446,415,0.1521991590949261,2.729131410253527
conducting,91,14,0.7753784557625405,2.700725313023457
weapon,275,63,0.3772957365838252,2.700606452254165
high,115,20,0.6527895812941402,2.694246993857742
passenger,564,147,0.2483647000383744,2.680576962882923
chasing,78,11,0.8623808813895835,2.6774982265237366
briefly,82,12,0.8253821682769686,2.6703521576571236
backyard,164,33,0.5069710448954909,2.6569046097097315
page,47,4,1.3673981453418094,2.6253170310071394
groin,47,4,1.3673981453418094,2.6253170310071394
student,59,7,1.0351789714873387,2.5894436262442504
broadcasted,42,3,1.5425977338501564,2.5812279262302016
gunpoint,38,2,1.8479770612048263,2.547239500836144
crack,58,7,1.0180823162677743,2.5443521255218737
bottle,111,20,0.6173787594994025,2.5413229350530027
aiming,49,5,1.1859251133680075,2.5260079497646304
feared,49,5,1.1859251133680075,2.5260079497646304
engaged,141,28,0.520149685811619,2.5137872389055875
identification,74,11,0.8097282566432966,2.5056683542611933
pursuit,225,51,0.3879028003123688,2.500716924598511
ineffective,192,42,0.42344029763523316,2.485381474540782
blue,125,24,0.5538452522725006,2.484946898875021
waist,260,61,0.35344707599881,2.4838660323853117
plymouth,65,9,0.8807144184886191,2.4761785557471323
criminal,89,15,0.684151349576446,2.451045726688052
arrestee,39,3,1.4684831058984926,2.4509356821905297
jeans,60,8,0.9184502787530171,2.440103372640616
resist,390,99,0.2747023885981763,2.440088516699429
ain,35,1,2.458885862052245,2.4244843957643747
catch,76,12,0.7493829235628837,2.412347727883837
individuals,175,38,0.4308031737838176,2.4067983642778734
fired,95,17,0.6242287634493415,2.370244981589233
seen,166,36,0.4320655053941529,2.3497526858226907
pain,297,73,0.3069144158742212,2.348783827294421
exit,345,87,0.281291582964994,2.3439589644486727
holstered,106,20,0.5712765339917887,2.34313120961897
wooden,49,6,1.0035969258002062,2.320285160857866
public,120,24,0.5130121383955419,2.2940563398500116
operating,120,24,0.5130121383955419,2.2940563398500116
direction,288,71,0.30391561520751775,2.2930912597888202
hoodie,61,9,0.8171921231341539,2.2884752600908276
emergency,93,17,0.6029469181242995,2.2857091641588143
immediately,972,278,0.15551322432537162,2.284286231760275
investigating,89,16,0.6196061760213336,2.281654831208232
bench,182,41,0.39403357740061384,2.278997719213267
domestic,228,54,0.3439763105901186,2.2723963092869806
groups,48,6,0.9829754171920388,2.270030871256671
contraband,35,3,1.3602606469546874,2.2610996260651577
dove,35,3,1.3602606469546874,2.2610996260651577
stabbing,39,4,1.1807944298005708,2.2490308123311706
students,43,5,1.0552916059090016,2.233379303007881
pant,29,1,2.2708203858059086,2.2326435743974407
ride,47,6,0.96191978659553,2.2187851156092613
application,30,2,1.6115705568213272,2.2067157689550947
hat,38,4,1.1548167234330862,2.196864483475443
stance,190,44,0.36643121669214196,2.1898722142813014
book,63,10,0.744090267911723,2.1858373696762197
yards,94,18,0.5564793632599603,2.1627738572525734
saw,666,186,0.17925323997755882,2.1600321187263223
magazine,27,1,2.199357006958609,2.1597169444259126
pockets,131,28,0.4465648782467255,2.144648798388445
movement,101,20,0.5229468385513769,2.136526870969175
relation,28,2,1.5425732538249175,2.1075390667477745
speed,32,3,1.2706418326133093,2.1043573552467216
involved,298,76,0.26998410829763575,2.1003927746450146
complied,342,89,0.24980965303346991,2.0986615162366093
chin,81,15,0.589946348428894,2.098653056092933
accident,61,10,0.7118249605279345,2.086375177384048
sustained,88,17,0.5476731223542064,2.067117258909855
alley,44,6,0.8959551546494833,2.0587000580101513
object,99,20,0.5029417246159085,2.051373334289308
came,397,106,0.22414163265360632,2.0493933244336784
anti,31,3,1.23889091576382,2.0489428557412293
motorcycle,31,3,1.23889091576382,2.0489428557412293
shoot,110,23,0.46854479318693976,2.0433787923990665
pistol,56,9,0.7316588377975446,2.037287310993478
assist,956,278,0.1388796737174598,2.036182374284914
immediate,64,11,0.6645240190624708,2.035861818328038
broadcast,64,11,0.6645240190624708,2.035861818328038
ground,4916,1548,0.05963167090103738,2.0353312855172683
delivered,275,70,0.27188860128319625,2.030435465417553
bringing,146,33,0.3906712027236434,2.0265922538260845
performed,1248,370,0.11957454897261943,2.0174673817754973
clenching,39,5,0.9576442531233056,2.015982022397386
engaging,39,5,0.9576442531233056,2.015982022397386
victim,216,53,0.30858118437112747,2.0126860187725892
dispersed,79,15,0.5649405997597778,2.0057358593782397
elbows,43,6,0.8729634150544285,2.003077381951935
containing,26,2,1.4684608501937397,2.001158528289692
registration,47,7,0.8077624673907984,1.993760614125276
fell,663,188,0.16402325684425811,1.98378075393981
approximately,824,238,0.14561536399338149,1.9771543829989497
backyards,34,4,1.0435822085419009,1.9742286521383265
wrapping,97,20,0.4825284057784458,1.9647118025508667
crashed,22,1,1.9945515572701495,1.9507019774217087
flow,22,1,1.9945515572701495,1.9507019774217087
downwards,22,1,1.9945515572701495,1.9507019774217087
frederick,22,1,1.9945515572701495,1.9507019774217087
bike,104,22,0.4569004020718719,1.946835556321859
struggling,193,47,0.31612606382467234,1.943163624035594
disengaged,193,47,0.31612606382467234,1.943163624035594
upright,46,7,0.7862540403888119,1.9379438842008707
proximity,62,11,0.6327708752749857,1.9340123365157815
cocaine,50,8,0.736106500656108,1.9330512710253906
money,29,3,1.172195104220604,1.9327662434956794
combatants,29,3,1.172195104220604,1.9327662434956794
activate,96,20,0.47216339514827865,1.920799467644415
ordered,688,197,0.1542710228181594,1.9078511440165364
affected,21,1,1.948029334249627,1.9032333294070782
abdomen,160,38,0.34115764978373075,1.8902319112276993
gravity,24,2,1.388413711077801,1.8864674735811737
hug,61,11,0.6165081316764471,1.8819837379339805
quick,45,7,0.7642729118963612,1.8810070015495055
verbal,1509,456,0.10049772616346431,1.877697189946703
proved,49,8,0.7159015712454835,1.8773518690373596
screamed,53,9,0.6765923935547082,1.8766169662894703
valid,20,1,1.899236962703121,1.8534579607829615
bush,20,1,1.899236962703121,1.8534579607829615
curb,72,14,0.5411428281582289,1.8525517948076735
hip,116,26,0.3990456717273183,1.8388789818505593
bank,36,5,0.8775948831143747,1.838780821364646
multiple,639,183,0.15408841025012965,1.8366884722663184
jab,155,37,0.336072734860549,1.8365035597896597
marihuana,23,2,1.3458518809521927,1.825587571223666
revolver,23,2,1.3458518809521927,1.825587571223666
moments,52,9,0.6575419762445254,1.8212380500019634
dark,52,9,0.6575419762445254,1.8212380500019634
loaded,75,15,0.5129719679735416,1.8135291806996379
stepped,344,93,0.21165525531176677,1.8103719115625534
taxi,19,1,1.8479414609476237,1.8011432250486137
passively,19,1,1.8479414609476237,1.8011432250486137
brush,19,1,1.8479414609476237,1.8011432250486137
girls,19,1,1.8479414609476237,1.8011432250486137
parole,67,13,0.5432728375432081,1.7925079689634102
weapons,209,53,0.27562145572371755,1.7918098106169398
disperse,226,58,0.26367563013197426,1.7909770272959122
riding,93,20,0.4404080260841461,1.7866551824846766
individual,143,34,0.34004291827160316,1.7819750054496521
orders,313,84,0.21899044654028899,1.7816154531350565
headed,39,6,0.7753160600856699,1.7679519051414172
transporting,39,6,0.7753160600856699,1.7679519051414172
photographed,51,9,0.6381216680550192,1.7648974483268862
deputies,107,24,0.39832032038529874,1.7634231144580605
park,146,35,0.3318173879288331,1.7628520296034804
beat,47,8,0.6742244306804963,1.762803478920673
rear,1295,391,0.10130306950783918,1.7532226756500207
digging,18,1,1.7938720323192197,1.7460197391083743
precaution,18,1,1.7938720323192197,1.7460197391083743
tank,18,1,1.7938720323192197,1.7460197391083743
selling,18,1,1.7938720323192197,1.7460197391083743
distract,18,1,1.7938720323192197,1.7460197391083743
hamstring,18,1,1.7938720323192197,1.7460197391083743
begin,117,27,0.36988465497183576,1.732277969978466
warrants,62,12,0.545752847774919,1.7304029445407663
fighting,691,201,0.13850084479014058,1.727056460578198
listen,152,37,0.31652146597962627,1.7263845396767175
knowing,30,4,0.918410185941136,1.7253653680068848
slammed,30,4,0.918410185941136,1.7253653680068848
successful,88,19,0.4364341789109787,1.7251023988811423
swung,84,18,0.4439791452063364,1.7092665970548728
confirmed,84,18,0.4439791452063364,1.7092665970548728
touch,134,32,0.3356560071826653,1.705760121983697
card,42,7,0.6952733751341693,1.7030197072119633
washed,42,7,0.6952733751341693,1.7030197072119633
seatbelts,21,2,1.2548756713649407,1.6957348397966652
probation,21,2,1.2548756713649407,1.6957348397966652
church,21,2,1.2548756713649407,1.6957348397966652
jail,199,51,0.2650493808981311,1.688457440693829
discarded,17,1,1.7367114111318251,1.6877732764364648
obstructing,17,1,1.7367114111318251,1.6877732764364648
stockade,17,1,1.7367114111318251,1.6877732764364648
crimes,17,1,1.7367114111318251,1.6877732764364648
wind,17,1,1.7367114111318251,1.6877732764364648
loud,296,80,0.2119256885169829,1.6813535330085705
silver,25,3,1.0237662251260105,1.6755109793731071
loosened,25,3,1.0237662251260105,1.6755109793731071
iron,25,3,1.0237662251260105,1.6755109793731071
spark,25,3,1.0237662251260105,1.6755109793731071
enroute,57,11,0.5486766444971405,1.6660116068919233
inv,53,10,0.5712252295078546,1.6567570767968596
sock,285,77,0.2122721323355492,1.6523024628004537
avoiding,33,5,0.7905768438662566,1.6473501241249613
fourth,33,5,0.7905768438662566,1.6473501241249613
act,45,8,0.6307348746064214,1.6437928235040953
pursue,45,8,0.6307348746064214,1.6437928235040953
footchase,45,8,0.6307348746064214,1.6437928235040953
perimeter,41,7,0.6711736018126135,1.6411326499409349
shoes,41,7,0.6711736018126135,1.6411326499409349
involving,111,26,0.3549745625670546,1.6290878136492295
directly,187,48,0.263471076539342,1.6280463691325935
radio,187,48,0.263471076539342,1.6280463691325935
rate,20,2,1.2060832915225213,1.6262693837031115
instantly,20,2,1.2060832915225213,1.6262693837031115
liquor,20,2,1.2060832915225213,1.6262693837031115
visual,20,2,1.2060832915225213,1.6262693837031115
investigators,20,2,1.2060832915225213,1.6262693837031115
vice,20,2,1.2060832915225213,1.6262693837031115
bag,125,30,0.33066176334209274,1.6262492538858828
sneakers,16,1,1.6760845819797012,1.626034307939577
sliding,16,1,1.6760845819797012,1.626034307939577
contusion,16,1,1.6760845819797012,1.626034307939577
signal,16,1,1.6760845819797012,1.626034307939577
walked,755,223,0.12320778694465329,1.6153340983565216
corner,227,60,0.23417800235552555,1.612880410319073
released,447,127,0.16198733343359262,1.6102373997089
pressed,56,11,0.5309748447046783,1.6099381319679222
challenged,24,3,0.9829420121384125,1.6051186835340192
concealed,24,3,0.9829420121384125,1.6051186835340192
section,230,61,0.23077800664426462,1.60207839444279
unable,326,90,0.19068072837219674,1.6008628710070871
experience,67,14,0.46915821307709393,1.5964521827817977
rest,48,9,0.5774903792851998,1.589771111022868
potential,28,4,0.8494128746885075,1.5890813722989798
roof,28,4,0.8494128746885075,1.5890813722989798
complain,103,24,0.3602115790525886,1.5890681136407838
container,44,8,0.6082597966989152,1.582507352741943
clearly,63,13,0.48170605264624555,1.5812352621482875
intended,32,5,0.7598029644653366,1.5799807515191475
citizens,32,5,0.7598029644653366,1.5799807515191475
lot,312,86,0.19224439888557487,1.578005918791462
wheelchair,40,7,0.6464787674880803,1.5778760462559829
addressing,36,6,0.6952666884452388,1.576680713812268
step,325,90,0.1876063039369118,1.5745278445536346
coat,92,21,0.38079806706302755,1.574439991729683
console,15,1,1.61154385351956,1.5603643259403828
opposite,70,15,0.44396798055564446,1.56031767104152
penetrate,19,2,1.154787781475287,1.55339132567956
straddling,19,2,1.154787781475287,1.55339132567956
actively,441,126,0.15637210073222985,1.5473309927190837
refused,2327,728,0.06583103876660434,1.546382176382217
inches,77,17,0.41411727263516873,1.5452629737488115
van,66,14,0.454118112640586,1.5432545149221486
paperwork,51,10,0.5327545036500307,1.5403917834430498
plastic,51,10,0.5327545036500307,1.5403917834430498
instructions,51,10,0.5327545036500307,1.5403917834430498
fist,281,77,0.198128720781928,1.5398834737803067
fall,304,84,0.1897949297034307,1.5392820929815199
torso,304,84,0.1897949297034307,1.5392820929815199
perform,191,50,0.2438094737018801,1.5345014881802703
able,2270,710,0.06606006779019502,1.5325948215231207
plan,23,3,0.940380179264471,1.5319205701099885
concluded,23,3,0.940380179264471,1.5319205701099885
wrestling,23,3,0.940380179264471,1.5319205701099885
handle,47,9,0.5564347477846816,1.5292407531816694
thought,62,13,0.46570348834193,1.526601447577243
mouth,119,29,0.3153663838094367,1.522691971921393
given,277,76,0.19686139930884838,1.5198644440216014
exterior,27,4,0.8130430106510325,1.5175319973390853
violation,39,7,0.6211587377782273,1.5131904105163083
abruptly,31,5,0.7280520454266295,1.5106670047341
port,35,6,0.6670935901742805,1.5097138156996324
detaining,35,6,0.6670935901742805,1.5097138156996324
male,2022,631,0.06830061917157781,1.4946232449133627
focus,14,1,1.5425487747249083,1.4902376939936688
secondary,14,1,1.5425487747249083,1.4902376939936688
seat,659,195,0.12135863284222648,1.4876862473071133
palm,50,10,0.512949653849958,1.4807033656896034
clothes,50,10,0.512949653849958,1.4807033656896034
backseat,104,25,0.3290470630745084,1.4771036677974676
red,104,25,0.3290470630745084,1.4771036677974676
parked,196,52,0.2304277966349586,1.4769284957807964
headbutt,18,2,1.1007183445600202,1.476756932460713
sweeping,18,2,1.1007183445600202,1.476756932460713
advance,18,2,1.1007183445600202,1.476756932460713
unidentified,18,2,1.1007183445600202,1.476756932460713
course,72,16,0.4075981291841444,1.4746598372514004
extended,72,16,0.4075981291841444,1.4746598372514004
punch,344,97,0.1695171234425814,1.474054010233854
owner,46,9,0.5349263202688714,1.4675682035452087
shouting,79,18,0.3825990817382081,1.4648042607301908
traveling,79,18,0.3825990817382081,1.4648042607301908
band,42,8,0.5617353369775913,1.456141031167027
guard,68,15,0.4149759973544551,1.4546560935858601
jabs,68,15,0.4149759973544551,1.4546560935858601
bitch,57,12,0.46165861638917427,1.4534675784239197
thumb,34,6,0.6381038320063812,1.4410087740587543
nurse,34,6,0.6381038320063812,1.4410087740587543
wires,30,5,0.6952600018900625,1.4392976251671472
commands,1876,586,0.0673161398796358,1.4196375794335279
disengage,13,1,1.468438595280647,1.415017155802126
clean,13,1,1.468438595280647,1.415017155802126
zone,13,1,1.468438595280647,1.415017155802126
spotter,13,1,1.468438595280647,1.415017155802126
tote,13,1,1.468438595280647,1.415017155802126
demanded,13,1,1.468438595280647,1.415017155802126
automatic,13,1,1.468438595280647,1.415017155802126
advanced,13,1,1.468438595280647,1.415017155802126
rounded,13,1,1.468438595280647,1.415017155802126
took,1894,592,0.0666785331970825,1.4132359538825214
hooking,227,62,0.20137486010370687,1.4049833274047239
approaching,123,31,0.2817314534537285,1.4017179449431176
sweep,17,2,1.0435577150914987,1.395968797158908
swollen,17,2,1.0435577150914987,1.395968797158908
inward,17,2,1.0435577150914987,1.395968797158908
emerged,17,2,1.0435577150914987,1.395968797158908
command,289,81,0.17554816496559233,1.3959337794012099
hands,4496,1440,0.04242759988573752,1.394382939710905
lowered,81,19,0.3535309547260326,1.3868103912827965
exiting,81,19,0.3535309547260326,1.3868103912827965
discharged,81,19,0.3535309547260326,1.3868103912827965
old,63,14,0.4075914278295283,1.3794053146202763
disregarded,37,7,0.5685105608686492,1.3792746263868474
retrieve,52,11,0.45685798185029114,1.3765483246011063
orange,21,3,0.8494039641891771,1.376175748532737
switch,21,3,0.8494039641891771,1.376175748532737
thorough,21,3,0.8494039641891771,1.376175748532737
tall,21,3,0.8494039641891771,1.376175748532737
situation,136,35,0.2608434101715549,1.3760417483908283
waistline,33,6,0.6082486475720952,1.3704767492127095
link,33,6,0.6082486475720952,1.3704767492127095
suspected,33,6,0.6082486475720952,1.3704767492127095
refusal,33,6,0.6082486475720952,1.3704767492127095
activation,25,4,0.7360775298177167,1.366840799001147
drag,25,4,0.7360775298177167,1.366840799001147
persons,29,5,0.6613562295119326,1.3657518178968937
wild,29,5,0.6613562295119326,1.3657518178968937
smelled,29,5,0.6613562295119326,1.3657518178968937
push,516,152,0.1258290845055896,1.362739635532863
target,84,20,0.3386053198407595,1.3608197563666948
related,48,10,0.47212321434493276,1.358144667617333
tight,48,10,0.47212321434493276,1.358144667617333
sister,48,10,0.47212321434493276,1.358144667617333
office,255,71,0.18214525261162784,1.3570666980295298
monitored,66,15,0.38511858790299236,1.3463129106296465
signs,44,9,0.4904701131326519,1.340626543823065
trunk,44,9,0.4904701131326519,1.340626543823065
complaint,94,23,0.31132362999597163,1.3381702549589762
missing,55,12,0.4259360881660559,1.3367802531394486
cup,12,1,1.3883936803367831,1.3339201667186897
updated,12,1,1.3883936803367831,1.3339201667186897
cursory,12,1,1.3883936803367831,1.3339201667186897
fenced,12,1,1.3883936803367831,1.3339201667186897
shoving,12,1,1.3883936803367831,1.3339201667186897
assessed,12,1,1.3883936803367831,1.3339201667186897
spat,12,1,1.3883936803367831,1.3339201667186897
meaty,12,1,1.3883936803367831,1.3339201667186897
disrespectful,12,1,1.3883936803367831,1.3339201667186897
blades,62,14,0.3915888634378817,1.3233093659871493
spit,644,193,0.10862312009530317,1.3228010973996784
visible,97,24,0.3001802268465834,1.3165694960677132
drivers,69,16,0.3650318450462571,1.3154695257921871
receiving,16,2,0.9829308776650585,1.310564245007353
buttock,16,2,0.9829308776650585,1.310564245007353
tow,16,2,0.9829308776650585,1.310564245007353
based,124,32,0.2580755321194399,1.3014315010096018
suddenly,47,10,0.4510675826665693,1.2952011791812348
recent,20,3,0.8006115816079156,1.2930894506488237
parents,20,3,0.8006115816079156,1.2930894506488237
sticking,20,3,0.8006115816079156,1.2930894506488237
straightened,20,3,0.8006115816079156,1.2930894506488237
felt,144,38,0.23576154576691444,1.2925648413426751
let,337,97,0.14894281801817044,1.2922014145828966
recorded,28,5,0.6262626890100051,1.2898981640272302
observations,28,5,0.6262626890100051,1.2898981640272302
heard,503,149,0.12023775407869497,1.2884642662228296
sales,24,4,0.6952533154686389,1.2873394518674914
felony,24,4,0.6952533154686389,1.2873394518674914
creating,24,4,0.6952533154686389,1.2873394518674914
dressed,24,4,0.6952533154686389,1.2873394518674914
backward,72,17,0.346966853180783,1.2866403942767575
calling,96,24,0.28981521608465144,1.2697984084901177
asking,89,22,0.30111251766393643,1.2645606260596247
water,68,16,0.350430822398458,1.2611075790071598
pushing,313,90,0.14995760776095768,1.2533563232956777
knee,1053,325,0.07921885734000256,1.2470398092081627
began,2749,875,0.04852538461451683,1.2464714912444999
month,11,1,1.3013800961012034,1.2459716243487133
teacher,11,1,1.3013800961012034,1.2459716243487133
clip,11,1,1.3013800961012034,1.2459716243487133
barbs,11,1,1.3013800961012034,1.2459716243487133
bruising,11,1,1.3013800961012034,1.2459716243487133
age,11,1,1.3013800961012034,1.2459716243487133
flip,11,1,1.3013800961012034,1.2459716243487133
participants,11,1,1.3013800961012034,1.2459716243487133
announcements,11,1,1.3013800961012034,1.2459716243487133
scared,11,1,1.3013800961012034,1.2459716243487133
rooms,11,1,1.3013800961012034,1.2459716243487133
pop,11,1,1.3013800961012034,1.2459716243487133
furtive,11,1,1.3013800961012034,1.2459716243487133
complex,11,1,1.3013800961012034,1.2459716243487133
activating,11,1,1.3013800961012034,1.2459716243487133
disruptive,11,1,1.3013800961012034,1.2459716243487133
elevated,11,1,1.3013800961012034,1.2459716243487133
malfunctioned,11,1,1.3013800961012034,1.2459716243487133
staircase,11,1,1.3013800961012034,1.2459716243487133
bitches,11,1,1.3013800961012034,1.2459716243487133
extenuating,11,1,1.3013800961012034,1.2459716243487133
dropped,146,39,0.22357717191579418,1.2401978351178025
hearing,35,7,0.5129362663279551,1.238826739570125
parties,85,21,0.3016451814039449,1.2377419310776214
bus,64,15,0.3543424829612132,1.2351561703416567
use,437,129,0.12370102909203684,1.2339810772030377
drove,119,31,0.24866169514429615,1.2330201216148713
balled,46,10,0.4295591549732336,1.231096383338137
mischief,46,10,0.4295591549732336,1.231096383338137
likely,31,6,0.5457238480536493,1.2235419564107763
driven,15,2,0.918390140938774,1.2200004855026316
discard,15,2,0.918390140938774,1.2200004855026316
assaulted,15,2,0.918390140938774,1.2200004855026316
blunt,15,2,0.918390140938774,1.2200004855026316
panel,15,2,0.918390140938774,1.2200004855026316
rapidly,15,2,0.918390140938774,1.2200004855026316
horn,15,2,0.918390140938774,1.2200004855026316
advising,15,2,0.918390140938774,1.2200004855026316
identified,347,101,0.1377707368003307,1.2181267358531884
driveway,302,87,0.14807849187118105,1.2166060827106782
charge,53,12,0.38889037089408696,1.2164106492954794
pat,105,27,0.2616443837518414,1.2124380859354018
detain,105,27,0.2616443837518414,1.2124380859354018
garbage,27,5,0.5898928241610211,1.211593379357515
conceal,27,5,0.5898928241610211,1.211593379357515
tree,27,5,0.5898928241610211,1.211593379357515
hood,81,20,0.3022310051334376,1.2103331076894015
identify,42,9,0.4439456529662813,1.2085826117332417
training,74,18,0.3172052055377712,1.206898072999188
picture,19,3,0.7493160688260136,1.206107893361976
deploying,19,3,0.7493160688260136,1.206107893361976
low,19,3,0.7493160688260136,1.206107893361976
connection,19,3,0.7493160688260136,1.206107893361976
successfully,115,30,0.2472579145052638,1.205951571790626
yelled,458,136,0.11779463949167734,1.2056803063174375
eastside,23,4,0.6526914812356281,1.2047957460068703
shove,23,4,0.6526914812356281,1.2047957460068703
swear,23,4,0.6526914812356281,1.2047957460068703
dispatcher,23,4,0.6526914812356281,1.2047957460068703
giving,240,68,0.16467940915356483,1.1984552202514822
landing,1149,357,0.07255750674791095,1.1960188705299493
clothing,91,23,0.27888168321921825,1.1948593356214776
negative,204,57,0.17861008262898714,1.1919342468970142
clavical,49,11,0.3974278934329263,1.191131725213241
allowed,184,51,0.18664694502167922,1.1792447109370554
reached,339,99,0.1344422507434242,1.1764361021683802
hostile,104,27,0.2520727088907897,1.1669369751124101
watched,34,7,0.48394650777713366,1.1659575325147886
frisk,52,12,0.369839953138964,1.1547749221586323
success,10,1,1.206067709081136,1.1499358948286376
ray,10,1,1.206067709081136,1.1499358948286376
agent,10,1,1.206067709081136,1.1499358948286376
insurance,10,1,1.206067709081136,1.1499358948286376
bailed,10,1,1.206067709081136,1.1499358948286376
brachial,10,1,1.206067709081136,1.1499358948286376
manipulating,10,1,1.206067709081136,1.1499358948286376
significant,10,1,1.206067709081136,1.1499358948286376
stomping,10,1,1.206067709081136,1.1499358948286376
aggravated,10,1,1.206067709081136,1.1499358948286376
restaurant,10,1,1.206067709081136,1.1499358948286376
unholster,10,1,1.206067709081136,1.1499358948286376
muscular,10,1,1.206067709081136,1.1499358948286376
caliber,10,1,1.206067709081136,1.1499358948286376
towed,10,1,1.206067709081136,1.1499358948286376
preliminary,10,1,1.206067709081136,1.1499358948286376
identifying,10,1,1.206067709081136,1.1499358948286376
stuff,10,1,1.206067709081136,1.1499358948286376
leader,10,1,1.206067709081136,1.1499358948286376
colored,10,1,1.206067709081136,1.1499358948286376
observation,10,1,1.206067709081136,1.1499358948286376
sideways,10,1,1.206067709081136,1.1499358948286376
tasered,10,1,1.206067709081136,1.1499358948286376
detected,10,1,1.206067709081136,1.1499358948286376
swarm,10,1,1.206067709081136,1.1499358948286376
unoccupied,10,1,1.206067709081136,1.1499358948286376
mildly,30,6,0.5129318039792992,1.1469249626096705
radioed,30,6,0.5129318039792992,1.1469249626096705
sally,30,6,0.5129318039792992,1.1469249626096705
pursuing,30,6,0.5129318039792992,1.1469249626096705
post,41,9,0.4198458791348436,1.140522503232494
lip,41,9,0.4198458791348436,1.140522503232494
slowed,26,5,0.5521502755134957,1.1306808939877586
mom,26,5,0.5521502755134957,1.1306808939877586
screen,26,5,0.5521502755134957,1.1306808939877586
suspended,26,5,0.5521502755134957,1.1306808939877586
breathing,69,17,0.30440056886908806,1.1241362357886553
snowbank,14,2,0.8493950538878998,1.123635372799094
tucking,14,2,0.8493950538878998,1.123635372799094
deactivated,14,2,0.8493950538878998,1.123635372799094
shelter,14,2,0.8493950538878998,1.123635372799094
initiate,14,2,0.8493950538878998,1.123635372799094
major,14,2,0.8493950538878998,1.123635372799094
armpits,14,2,0.8493950538878998,1.123635372799094
frisked,14,2,0.8493950538878998,1.123635372799094
communicated,14,2,0.8493950538878998,1.123635372799094
possess,14,2,0.8493950538878998,1.123635372799094
jerking,14,2,0.8493950538878998,1.123635372799094
revealed,14,2,0.8493950538878998,1.123635372799094
matched,55,13,0.34588672801922016,1.1215333643137544
directions,62,15,0.3225893383990375,1.1210444711104137
conducted,599,182,0.09484260748972861,1.1198444279565483
smoking,22,4,0.6082374988665116,1.1189774799301553
instructing,22,4,0.6082374988665116,1.1189774799301553
years,22,4,0.6082374988665116,1.1189774799301553
removed,451,135,0.10976398312022972,1.1183190758727812
injure,18,3,0.6952466291809607,1.1148621908312915
vicinity,18,3,0.6952466291809607,1.1148621908312915
rode,18,3,0.6952466291809607,1.1148621908312915
desk,18,3,0.6952466291809607,1.1148621908312915
require,18,3,0.6952466291809607,1.1148621908312915
facedown,18,3,0.6952466291809607,1.1148621908312915
produce,18,3,0.6952466291809607,1.1148621908312915
faces,18,3,0.6952466291809607,1.1148621908312915
larger,18,3,0.6952466291809607,1.1148621908312915
wedged,18,3,0.6952466291809607,1.1148621908312915
positioned,169,47,0.18328120175973694,1.111251618932607
lights,72,18,0.2898017846192378,1.0996501595662889
hoody,44,10,0.3851029474830163,1.0992351356280579
fear,51,12,0.35041964450522656,1.0921320703222686
clerk,51,12,0.35041964450522656,1.0921320703222686
interviewed,33,7,0.4540913229607728,1.091209345242554
checking,33,7,0.4540913229607728,1.091209345242554
calls,33,7,0.4540913229607728,1.091209345242554
chain,58,14,0.32488859682846893,1.0909993652038237
pulling,903,280,0.07454437205197273,1.0887615574084377
earlier,75,19,0.27655657293265,1.0767088054869873
suspects,122,33,0.21103224702486045,1.0753993532335333
refuse,122,33,0.21103224702486045,1.0753993532335333
beer,40,9,0.3951510443013948,1.0710313683211414
jaw,68,17,0.2897995461635521,1.068663406374314
fences,29,6,0.4790280310646242,1.0680509214898517
travel,29,6,0.4790280310646242,1.0680509214898517
brought,524,159,0.09616148126104296,1.0614990447955828
body,2601,833,0.04232452586821012,1.060142687517501
taser,1068,334,0.06602093886958649,1.0519019967080365
raise,25,5,0.5129273417099807,1.0469892228817563
preformed,25,5,0.5129273417099807,1.0469892228817563
stiffened,25,5,0.5129273417099807,1.0469892228817563
cycle,98,26,0.2303829302324445,1.0442381264892788
attemped,9,1,1.1007049862461926,1.0442163421347759
evaluate,9,1,1.1007049862461926,1.0442163421347759
paused,9,1,1.1007049862461926,1.0442163421347759
tactically,9,1,1.1007049862461926,1.0442163421347759
gold,9,1,1.1007049862461926,1.0442163421347759
gates,9,1,1.1007049862461926,1.0442163421347759
bookmarked,9,1,1.1007049862461926,1.0442163421347759
battery,9,1,1.1007049862461926,1.0442163421347759
rapport,9,1,1.1007049862461926,1.0442163421347759
intentions,9,1,1.1007049862461926,1.0442163421347759
scratching,9,1,1.1007049862461926,1.0442163421347759
tires,9,1,1.1007049862461926,1.0442163421347759
accessing,9,1,1.1007049862461926,1.0442163421347759
opportunities,9,1,1.1007049862461926,1.0442163421347759
reluctantly,9,1,1.1007049862461926,1.0442163421347759
cargo,9,1,1.1007049862461926,1.0442163421347759
send,9,1,1.1007049862461926,1.0442163421347759
directives,9,1,1.1007049862461926,1.0442163421347759
kind,9,1,1.1007049862461926,1.0442163421347759
parallel,9,1,1.1007049862461926,1.0442163421347759
northside,9,1,1.1007049862461926,1.0442163421347759
execute,9,1,1.1007049862461926,1.0442163421347759
stabalizing,9,1,1.1007049862461926,1.0442163421347759
week,9,1,1.1007049862461926,1.0442163421347759
approximate,36,8,0.4075713251059927,1.0427037114223874
refer,36,8,0.4075713251059927,1.0427037114223874
saying,222,64,0.1473290823671327,1.038188271247184
complying,64,16,0.2897973077426883,1.0367514647850966
struck,254,74,0.1368085519844202,1.0353769745438546
hips,43,10,0.3621112068117913,1.0313893117066961
hope,21,4,0.5617152634508304,1.0296257678527216
laser,21,4,0.5617152634508304,1.0296257678527216
advise,21,4,0.5617152634508304,1.0296257678527216
targeting,21,4,0.5617152634508304,1.0296257678527216
probe,111,30,0.21184709165135374,1.0294127084386058
shoved,50,12,0.3306147944403772,1.02845054846011
fleeing,74,19,0.2631313291798829,1.0230446761381622
lbs,13,2,0.7752848661996286,1.0207021554529918
ice,13,2,0.7752848661996286,1.0207021554529918
kneel,13,2,0.7752848661996286,1.0207021554529918
positions,17,3,0.6380859969883819,1.0189301357175509
oleoresin,17,3,0.6380859969883819,1.0189301357175509
interfere,17,3,0.6380859969883819,1.0189301357175509
contained,17,3,0.6380859969883819,1.0189301357175509
nigga,17,3,0.6380859969883819,1.0189301357175509
capsicum,17,3,0.6380859969883819,1.0189301357175509
locations,17,3,0.6380859969883819,1.0189301357175509
defiant,17,3,0.6380859969883819,1.0189301357175509
oncoming,17,3,0.6380859969883819,1.0189301357175509
announce,17,3,0.6380859969883819,1.0189301357175509
affect,17,3,0.6380859969883819,1.0189301357175509
pepperball,84,22,0.24328182873678905,1.0157202464948893
approached,914,285,0.0689439734659345,1.01522622290237
distance,205,59,0.14900279738632882,1.0083400732735837
shin,237,69,0.1374884925947697,1.0048500797584203
wrapped,237,69,0.1374884925947697,1.0048500797584203
hours,493,150,0.09343884223273147,1.001541922515985
entire,153,43,0.17275893877188953,1.000754839988223
shortly,107,29,0.2090450379662414,0.9984292616317338
jumping,53,13,0.30884101054495616,0.9978206512472959
stepping,46,11,0.3342423239375183,0.9958230315603672
suspicious,46,11,0.3342423239375183,0.9958230315603672
pedestrian,28,6,0.4439344900275213,0.9867895848639503
risk,28,6,0.4439344900275213,0.9867895848639503
familiar,28,6,0.4439344900275213,0.9867895848639503
unit,133,37,0.18294781335475996,0.9841779277114361
entrance,80,21,0.24100944184070094,0.9828696880607383
possession,100,27,0.21284310041562904,0.9812927818094314
portion,103,28,0.2060342730830076,0.9666271713019648
struggled,42,10,0.33857848696421655,0.9622031417777809
encounter,42,10,0.33857848696421655,0.9622031417777809
face,1643,523,0.048337245032699094,0.9610717200043297
house,644,199,0.07796848530823297,0.960685829623564
key,24,5,0.4721031265551243,0.9603300920359957
requests,24,5,0.4721031265551243,0.9603300920359957
stomach,1086,342,0.05905141909873102,0.9512441231085558
provide,76,20,0.2385040733113346,0.9489677477652406
daughter,76,20,0.2385040733113346,0.9489677477652406
man,76,20,0.2385040733113346,0.9489677477652406
issued,324,97,0.10957447279273325,0.9464173617210573
twisting,59,15,0.27298572794140163,0.9440014580061704
ended,145,41,0.16667833131137932,0.9421866791100874
turn,484,148,0.08843088731244642,0.9409797555155389
asked,739,230,0.07079810423189947,0.9369303633747194
dining,20,4,0.5129228795199925,0.9364509487762873
capstun,31,7,0.3915665226810514,0.9356913733444457
gathering,31,7,0.3915665226810514,0.9356913733444457
intentionally,31,7,0.3915665226810514,0.9356913733444457
talk,148,42,0.16305932550009317,0.932526643123922
proceeded,89,24,0.21408782842983598,0.9307154702399126
cause,79,21,0.2284284361032327,0.9303393151338571
second,952,299,0.06171533634382964,0.9299920319180679
twist,45,11,0.3122611946112439,0.9283453561731547
sec,45,11,0.3122611946112439,0.9283453561731547
means,8,1,0.9829197434639472,0.9267020257789912
icy,8,1,0.9829197434639472,0.9267020257789912
sale,8,1,0.9829197434639472,0.9267020257789912
academy,8,1,0.9829197434639472,0.9267020257789912
cartridges,8,1,0.9829197434639472,0.9267020257789912
stationary,8,1,0.9829197434639472,0.9267020257789912
unobstructed,8,1,0.9829197434639472,0.9267020257789912
machete,8,1,0.9829197434639472,0.9267020257789912
magnetic,8,1,0.9829197434639472,0.9267020257789912
tossed,8,1,0.9829197434639472,0.9267020257789912
principle,8,1,0.9829197434639472,0.9267020257789912
retrieving,8,1,0.9829197434639472,0.9267020257789912
possessing,8,1,0.9829197434639472,0.9267020257789912
toss,8,1,0.9829197434639472,0.9267020257789912
vision,8,1,0.9829197434639472,0.9267020257789912
sped,8,1,0.9829197434639472,0.9267020257789912
clench,8,1,0.9829197434639472,0.9267020257789912
panic,8,1,0.9829197434639472,0.9267020257789912
concise,8,1,0.9829197434639472,0.9267020257789912
gesture,8,1,0.9829197434639472,0.9267020257789912
fetal,8,1,0.9829197434639472,0.9267020257789912
trapping,8,1,0.9829197434639472,0.9267020257789912
uninjured,8,1,0.9829197434639472,0.9267020257789912
intercepted,8,1,0.9829197434639472,0.9267020257789912
sprinting,8,1,0.9829197434639472,0.9267020257789912
youths,8,1,0.9829197434639472,0.9267020257789912
disobeyed,8,1,0.9829197434639472,0.9267020257789912
relocating,8,1,0.9829197434639472,0.9267020257789912
straightening,8,1,0.9829197434639472,0.9267020257789912
extend,8,1,0.9829197434639472,0.9267020257789912
somebody,8,1,0.9829197434639472,0.9267020257789912
looking,112,31,0.18802150545770502,0.9263658686313103
elbow,530,163,0.08268750430127536,0.9227083422484883
gathered,62,16,0.2580441630499877,0.9201911639861455
dispatch,102,28,0.19627587428379556,0.9198817090372908
acted,16,3,0.5774591568446983,0.9178257502728973
dock,16,3,0.5774591568446983,0.9178257502728973
cell,92,25,0.20641805585015938,0.915125730176926
motion,128,36,0.1720234604996449,0.9117332760113953
burned,12,2,0.6952399430270226,0.9102758780244921
info,12,2,0.6952399430270226,0.9102758780244921
choking,12,2,0.6952399430270226,0.9102758780244921
food,12,2,0.6952399430270226,0.9102758780244921
loitering,12,2,0.6952399430270226,0.9102758780244921
pending,12,2,0.6952399430270226,0.9102758780244921
violating,12,2,0.6952399430270226,0.9102758780244921
continuous,12,2,0.6952399430270226,0.9102758780244921
boy,12,2,0.6952399430270226,0.9102758780244921
pounding,12,2,0.6952399430270226,0.9102758780244921
spraying,12,2,0.6952399430270226,0.9102758780244921
draw,12,2,0.6952399430270226,0.9102758780244921
briefed,12,2,0.6952399430270226,0.9102758780244921
gestures,12,2,0.6952399430270226,0.9102758780244921
bell,12,2,0.6952399430270226,0.9102758780244921
concrete,27,6,0.4075646246448823,0.9029996198634572
temporarily,27,6,0.4075646246448823,0.9029996198634572
watch,27,6,0.4075646246448823,0.9029996198634572
appear,65,17,0.24467244107077235,0.8981177718330141
depositions,48,12,0.28978835440742934,0.8978381272973508
thrown,41,10,0.3144787129572233,0.8916257523244422
backpack,41,10,0.3144787129572233,0.8916257523244422
possible,134,38,0.16376580411422204,0.8909351698520919
secured,659,205,0.07128154549089682,0.8907136379242194
scene,1842,590,0.04212081472051299,0.8886325385513342
department,214,63,0.12636493417886552,0.8813937601951385
thigh,233,69,0.12045790547699031,0.8786818485809436
sidewalk,403,123,0.09029674285359413,0.8761984289730189
circumstances,23,5,0.4295412915187562,0.8704962786772081
pin,23,5,0.4295412915187562,0.8704962786772081
rotated,23,5,0.4295412915187562,0.8704962786772081
showing,23,5,0.4295412915187562,0.8704962786772081
life,23,5,0.4295412915187562,0.8704962786772081
holster,91,25,0.19548676159535283,0.8656478261005905
table,81,22,0.20690751381683192,0.8605540300017867
swing,104,29,0.18060043097508682,0.8599335695536745
block,71,19,0.2217394427944832,0.8584179198391882
primary,71,19,0.2217394427944832,0.8584179198391882
escorting,191,56,0.13044083304039056,0.8582074115202739
elevator,30,7,0.35877447822769426,0.8547112023561884
bearing,30,7,0.35877447822769426,0.8547112023561884
twisted,37,9,0.3171828361618161,0.8533730669137483
backwards,235,70,0.11461401806703986,0.8415244394696595
sole,19,4,0.46162736539269567,0.8391277217057947
braced,19,4,0.46162736539269567,0.8391277217057947
clearing,19,4,0.46162736539269567,0.8391277217057947
escalated,19,4,0.46162736539269567,0.8391277217057947
homicide,19,4,0.46162736539269567,0.8391277217057947
aim,19,4,0.46162736539269567,0.8391277217057947
locate,110,31,0.1699985520430083,0.8359228932474796
houses,47,12,0.268732722465991,0.8308367057457731
remain,47,12,0.268732722465991,0.8308367057457731
active,142,41,0.14576497372176256,0.8220578454804467
armed,57,15,0.2384951056947866,0.8218137250528514
mount,40,10,0.28978387794870564,0.8196034889976893
verbalized,40,10,0.28978387794870564,0.8196034889976893
listening,40,10,0.28978387794870564,0.8196034889976893
lowering,26,6,0.3698220754653967,0.8165273859816504
photograph,26,6,0.3698220754653967,0.8165273859816504
flushed,26,6,0.3698220754653967,0.8165273859816504
additional,212,63,0.11697074432335786,0.8149959151084101
hand,6531,2138,0.020450479439175773,0.8148612014311938
technicians,15,3,0.5129184174093382,0.8109862573605348
joined,15,3,0.5129184174093382,0.8109862573605348
squad,15,3,0.5129184174093382,0.8109862573605348
apprehend,15,3,0.5129184174093382,0.8109862573605348
gone,15,3,0.5129184174093382,0.8109862573605348
tests,15,3,0.5129184174093382,0.8109862573605348
lieutenant,15,3,0.5129184174093382,0.8109862573605348
rigid,15,3,0.5129184174093382,0.8109862573605348
irrate,15,3,0.5129184174093382,0.8109862573605348
tactical,15,3,0.5129184174093382,0.8109862573605348
informing,15,3,0.5129184174093382,0.8109862573605348
wet,15,3,0.5129184174093382,0.8109862573605348
pulled,1661,533,0.04026664046002271,0.8074132106373312
monitoring,50,13,0.250565433789518,0.8047994606540749
fully,50,13,0.250565433789518,0.8047994606540749
metal,60,16,0.22524989387763128,0.80051424733751
previous,60,16,0.22524989387763128,0.80051424733751
noted,167,49,0.1296858361426656,0.7980845057235754
slipping,7,1,0.8493861437846633,0.7945249446085912
proactive,7,1,0.8493861437846633,0.7945249446085912
impacting,7,1,0.8493861437846633,0.7945249446085912
inoperable,7,1,0.8493861437846633,0.7945249446085912
decent,7,1,0.8493861437846633,0.7945249446085912
thoroughly,7,1,0.8493861437846633,0.7945249446085912
real,7,1,0.8493861437846633,0.7945249446085912
younger,7,1,0.8493861437846633,0.7945249446085912
pounds,7,1,0.8493861437846633,0.7945249446085912
citations,7,1,0.8493861437846633,0.7945249446085912
triage,7,1,0.8493861437846633,0.7945249446085912
rails,7,1,0.8493861437846633,0.7945249446085912
excited,7,1,0.8493861437846633,0.7945249446085912
readjust,7,1,0.8493861437846633,0.7945249446085912
separating,7,1,0.8493861437846633,0.7945249446085912
jabbed,7,1,0.8493861437846633,0.7945249446085912
seven,7,1,0.8493861437846633,0.7945249446085912
subsequent,7,1,0.8493861437846633,0.7945249446085912
seek,7,1,0.8493861437846633,0.7945249446085912
trespasser,7,1,0.8493861437846633,0.7945249446085912
glove,7,1,0.8493861437846633,0.7945249446085912
diverted,7,1,0.8493861437846633,0.7945249446085912
deceased,7,1,0.8493861437846633,0.7945249446085912
ago,7,1,0.8493861437846633,0.7945249446085912
produced,7,1,0.8493861437846633,0.7945249446085912
boxer,7,1,0.8493861437846633,0.7945249446085912
fuckers,7,1,0.8493861437846633,0.7945249446085912
occuring,7,1,0.8493861437846633,0.7945249446085912
fractured,7,1,0.8493861437846633,0.7945249446085912
submit,7,1,0.8493861437846633,0.7945249446085912
chainlink,7,1,0.8493861437846633,0.7945249446085912
weave,7,1,0.8493861437846633,0.7945249446085912
strength,7,1,0.8493861437846633,0.7945249446085912
minivan,7,1,0.8493861437846633,0.7945249446085912
facilitate,7,1,0.8493861437846633,0.7945249446085912
partol,7,1,0.8493861437846633,0.7945249446085912
slippery,7,1,0.8493861437846633,0.7945249446085912
barrel,7,1,0.8493861437846633,0.7945249446085912
distress,7,1,0.8493861437846633,0.7945249446085912
tint,7,1,0.8493861437846633,0.7945249446085912
happen,11,2,0.6082263505821324,0.7912280083036449
mounted,11,2,0.6082263505821324,0.7912280083036449
pipe,11,2,0.6082263505821324,0.7912280083036449
overcome,11,2,0.6082263505821324,0.7912280083036449
months,11,2,0.6082263505821324,0.7912280083036449
wished,11,2,0.6082263505821324,0.7912280083036449
apprehended,11,2,0.6082263505821324,0.7912280083036449
sorry,11,2,0.6082263505821324,0.7912280083036449
faster,11,2,0.6082263505821324,0.7912280083036449
firmly,11,2,0.6082263505821324,0.7912280083036449
victims,11,2,0.6082263505821324,0.7912280083036449
documented,11,2,0.6082263505821324,0.7912280083036449
aggressor,11,2,0.6082263505821324,0.7912280083036449
maneuvered,11,2,0.6082263505821324,0.7912280083036449
dislodged,11,2,0.6082263505821324,0.7912280083036449
seatbelt,43,11,0.2667943753466897,0.7895751656276201
provided,96,27,0.1720122106670967,0.789557177782589
shut,125,36,0.14830026154679565,0.7839373100030894
vacant,53,14,0.234726384862169,0.7810972612513564
arriving,63,17,0.2134154510600439,0.7808179572995616
incident,1793,577,0.03741681742880676,0.7802381225462368
nervous,22,5,0.38508730834902316,0.7772591168467629
confirm,22,5,0.38508730834902316,0.7772591168467629
order,489,152,0.07202469691206659,0.7751841748062837
advised,327,100,0.08831861107573236,0.772617301069011
routine,29,7,0.32487070493524683,0.7714298846658226
units,29,7,0.32487070493524683,0.7714298846658226
assistance,333,102,0.08669833151871398,0.7658393451610435
turning,131,38,0.14111665486246316,0.7657827183442496
wouldn,56,15,0.2207933055190665,0.7594051965567964
grabbed,1733,558,0.036856956945518604,0.7558014046082675
collar,39,10,0.2644638475564314,0.74607972654613
investigator,39,10,0.2644638475564314,0.74607972654613
odor,69,19,0.19316162356887112,0.745507703578973
jumped,124,36,0.14026586574879296,0.7407988402070881
shooting,59,16,0.20844055239763293,0.7394576694439811
chaotic,18,4,0.4075579244071186,0.7372893394639416
stabalized,18,4,0.4075579244071186,0.7372893394639416
pole,18,4,0.4075579244071186,0.7372893394639416
lawn,18,4,0.4075579244071186,0.7372893394639416
rip,18,4,0.4075579244071186,0.7372893394639416
consistent,18,4,0.4075579244071186,0.7372893394639416
music,18,4,0.4075579244071186,0.7372893394639416
year,32,8,0.28977940162924654,0.733069531783019
statement,32,8,0.28977940162924654,0.733069531783019
straight,552,173,0.06379948253920986,0.7317901486686529
comply,912,290,0.049323839144099324,0.7309308145153117
escape,72,20,0.18442795820840274,0.7295984687580017
finally,98,28,0.1562616443132665,0.7291504989489905
juvenile,25,6,0.33059914113182387,0.7272055534652956
squared,25,6,0.33059914113182387,0.7272055534652956
covering,25,6,0.33059914113182387,0.7272055534652956
uniform,347,107,0.08002244639896183,0.7234070634091702
reach,184,55,0.11111275544930344,0.7228922240516126
attempt,890,283,0.04933700696240084,0.722266531003009
ass,42,11,0.24326165535678967,0.7181909234542758
aimed,52,14,0.21567596692067603,0.7162657991781605
witnesses,75,21,0.17645980311433895,0.7146918364381195
non,75,21,0.17645980311433895,0.7146918364381195
crowd,387,120,0.07446186286438383,0.7123596263238257
dispersing,65,18,0.18750737215279578,0.7039552568724007
simultaneously,78,22,0.16916051514187558,0.7006877990087684
locking,35,9,0.26160854061412664,0.6999500734098144
crowds,35,9,0.26160854061412664,0.6999500734098144
shovel,14,3,0.44392332765931464,0.6977557183161354
realizing,14,3,0.44392332765931464,0.6977557183161354
guys,14,3,0.44392332765931464,0.6977557183161354
nurses,14,3,0.44392332765931464,0.6977557183161354
gotten,14,3,0.44392332765931464,0.6977557183161354
blanked,14,3,0.44392332765931464,0.6977557183161354
led,45,12,0.22524316506570763,0.6932546879503638
pointed,142,42,0.12166076369472378,0.6925448957503164
forearms,21,5,0.33856507213586795,0.6803656119810583
known,113,33,0.1343790047986495,0.6790502764951165
leg,743,236,0.050412633046313715,0.6741440861167626
cars,132,39,0.122741333810378,0.6733703556661417
members,132,39,0.122741333810378,0.6733703556661417
results,170,51,0.10747848134641469,0.6730685032645526
females,151,45,0.11412071419848235,0.6718376111289045
probes,192,58,0.10056036271052804,0.6710200870502393
hard,48,13,0.20973899355672998,0.6707904031084109
grasp,195,59,0.09897013012086742,0.6659524606194532
activated,154,46,0.11181458732456218,0.6653565411747879
recovery,10,2,0.5129139553780107,0.6621641965490801
relayed,10,2,0.5129139553780107,0.6621641965490801
lit,10,2,0.5129139553780107,0.6621641965490801
residential,10,2,0.5129139553780107,0.6621641965490801
rights,10,2,0.5129139553780107,0.6621641965490801
cousin,10,2,0.5129139553780107,0.6621641965490801
slight,10,2,0.5129139553780107,0.6621641965490801
cleaned,10,2,0.5129139553780107,0.6621641965490801
substantial,10,2,0.5129139553780107,0.6621641965490801
layers,10,2,0.5129139553780107,0.6621641965490801
escaping,10,2,0.5129139553780107,0.6621641965490801
tire,10,2,0.5129139553780107,0.6621641965490801
focused,10,2,0.5129139553780107,0.6621641965490801
nails,10,2,0.5129139553780107,0.6621641965490801
busy,10,2,0.5129139553780107,0.6621641965490801
build,10,2,0.5129139553780107,0.6621641965490801
concerns,10,2,0.5129139553780107,0.6621641965490801
heart,10,2,0.5129139553780107,0.6621641965490801
dick,31,8,0.25802848139061574,0.6506522458931322
platoon,31,8,0.25802848139061574,0.6506522458931322
separate,77,22,0.15625488675484256,0.6463082844344256
tackled,41,11,0.21916188120792057,0.6454088326680091
lied,6,1,0.6952332570068247,0.6436585062813726
broadcasting,6,1,0.6952332570068247,0.6436585062813726
acknowledge,6,1,0.6952332570068247,0.6436585062813726
bump,6,1,0.6952332570068247,0.6436585062813726
operational,6,1,0.6952332570068247,0.6436585062813726
sobieski,6,1,0.6952332570068247,0.6436585062813726
exhibited,6,1,0.6952332570068247,0.6436585062813726
shield,6,1,0.6952332570068247,0.6436585062813726
readjusted,6,1,0.6952332570068247,0.6436585062813726
indication,6,1,0.6952332570068247,0.6436585062813726
teenagers,6,1,0.6952332570068247,0.6436585062813726
depressed,6,1,0.6952332570068247,0.6436585062813726
henrietta,6,1,0.6952332570068247,0.6436585062813726
shifting,6,1,0.6952332570068247,0.6436585062813726
fuckin,6,1,0.6952332570068247,0.6436585062813726
handguns,6,1,0.6952332570068247,0.6436585062813726
accidentally,6,1,0.6952332570068247,0.6436585062813726
accelerate,6,1,0.6952332570068247,0.6436585062813726
code,6,1,0.6952332570068247,0.6436585062813726
unsuccesful,6,1,0.6952332570068247,0.6436585062813726
capturing,6,1,0.6952332570068247,0.6436585062813726
tracking,6,1,0.6952332570068247,0.6436585062813726
color,6,1,0.6952332570068247,0.6436585062813726
sell,6,1,0.6952332570068247,0.6436585062813726
contents,6,1,0.6952332570068247,0.6436585062813726
tore,6,1,0.6952332570068247,0.6436585062813726
hole,6,1,0.6952332570068247,0.6436585062813726
steak,6,1,0.6952332570068247,0.6436585062813726
authority,6,1,0.6952332570068247,0.6436585062813726
bandage,6,1,0.6952332570068247,0.6436585062813726
driverside,6,1,0.6952332570068247,0.6436585062813726
camo,6,1,0.6952332570068247,0.6436585062813726
reactivated,6,1,0.6952332570068247,0.6436585062813726
flew,6,1,0.6952332570068247,0.6436585062813726
nigger,6,1,0.6952332570068247,0.6436585062813726
dates,6,1,0.6952332570068247,0.6436585062813726
treating,6,1,0.6952332570068247,0.6436585062813726
dogs,6,1,0.6952332570068247,0.6436585062813726
sheer,6,1,0.6952332570068247,0.6436585062813726
shock,6,1,0.6952332570068247,0.6436585062813726
hindering,6,1,0.6952332570068247,0.6436585062813726
fiance,6,1,0.6952332570068247,0.6436585062813726
smoke,6,1,0.6952332570068247,0.6436585062813726
unsuccessfully,6,1,0.6952332570068247,0.6436585062813726
grew,6,1,0.6952332570068247,0.6436585062813726
rinsing,6,1,0.6952332570068247,0.6436585062813726
collision,6,1,0.6952332570068247,0.6436585062813726
heels,6,1,0.6952332570068247,0.6436585062813726
cooperated,6,1,0.6952332570068247,0.6436585062813726
wielding,6,1,0.6952332570068247,0.6436585062813726
activley,6,1,0.6952332570068247,0.6436585062813726
older,6,1,0.6952332570068247,0.6436585062813726
surround,6,1,0.6952332570068247,0.6436585062813726
housing,6,1,0.6952332570068247,0.6436585062813726
concluding,6,1,0.6952332570068247,0.6436585062813726
ensuring,6,1,0.6952332570068247,0.6436585062813726
death,6,1,0.6952332570068247,0.6436585062813726
retreating,6,1,0.6952332570068247,0.6436585062813726
overheard,6,1,0.6952332570068247,0.6436585062813726
deescalate,6,1,0.6952332570068247,0.6436585062813726
impede,6,1,0.6952332570068247,0.6436585062813726
supplemental,6,1,0.6952332570068247,0.6436585062813726
spear,6,1,0.6952332570068247,0.6436585062813726
surgery,6,1,0.6952332570068247,0.6436585062813726
admin,6,1,0.6952332570068247,0.6436585062813726
official,6,1,0.6952332570068247,0.6436585062813726
emerge,6,1,0.6952332570068247,0.6436585062813726
belief,6,1,0.6952332570068247,0.6436585062813726
continuation,6,1,0.6952332570068247,0.6436585062813726
taking,415,130,0.06426867374052403,0.6391544458128879
try,353,110,0.06950755824911159,0.6363022078834646
shins,80,23,0.150024351423669,0.6340413954582441
closest,17,4,0.350397290879755,0.630520657091695
identity,17,4,0.350397290879755,0.630520657091695
decontaminated,17,4,0.350397290879755,0.630520657091695
gripping,17,4,0.350397290879755,0.630520657091695
gripped,17,4,0.350397290879755,0.630520657091695
somewhat,17,4,0.350397290879755,0.630520657091695
safely,67,19,0.16374329160853485,0.6299411152576283
partially,67,19,0.16374329160853485,0.6299411152576283
eventually,399,125,0.06416998631908388,0.6257835092255789
eyes,225,69,0.0855020552655601,0.621179098580157
complaining,34,9,0.23261878156207771,0.6205225248468939
spray,941,302,0.040065468601367726,0.6051897359730016
fact,105,31,0.12346741672865136,0.6039656658701774
occupant,27,7,0.25340729776421966,0.597447646347168
regain,37,10,0.21181566928721196,0.594285108213213
point,2305,751,0.025024154619080363,0.5940772392500979
need,76,22,0.14318058164291791,0.5913659648036574
gain,345,108,0.0649285774412478,0.5886396688867198
rounds,111,33,0.11651693941536756,0.5875938308711464
stun,177,54,0.09066695667225577,0.5831049872148599
offense,20,5,0.2897726874111619,0.5795351001108618
tightened,20,5,0.2897726874111619,0.5795351001108618
attic,20,5,0.2897726874111619,0.5795351001108618
additionally,20,5,0.2897726874111619,0.5795351001108618
evade,20,5,0.2897726874111619,0.5795351001108618
holder,13,3,0.3698131372841065,0.5773643473966789
permission,13,3,0.3698131372841065,0.5773643473966789
inform,13,3,0.3698131372841065,0.5773643473966789
dragging,13,3,0.3698131372841065,0.5773643473966789
restrict,13,3,0.3698131372841065,0.5773643473966789
dealt,13,3,0.3698131372841065,0.5773643473966789
constantly,13,3,0.3698131372841065,0.5773643473966789
chairs,13,3,0.3698131372841065,0.5773643473966789
include,13,3,0.3698131372841065,0.5773643473966789
occupied,13,3,0.3698131372841065,0.5773643473966789
instruction,13,3,0.3698131372841065,0.5773643473966789
false,13,3,0.3698131372841065,0.5773643473966789
apprehension,13,3,0.3698131372841065,0.5773643473966789
clinched,13,3,0.3698131372841065,0.5773643473966789
accord,13,3,0.3698131372841065,0.5773643473966789
away,3613,1184,0.019260362768326544,0.5728786472931252
butt,53,15,0.16572685915450336,0.5666298786153724
plate,30,8,0.22523643665748416,0.5660311125429588
leading,30,8,0.22523643665748416,0.5660311125429588
close,251,78,0.07225017292025715,0.5571989800726991
level,56,16,0.15624812978204616,0.5511611465009908
closing,56,16,0.15624812978204616,0.5511611465009908
ordering,91,27,0.11851240681528274,0.5407359480171995
bodyweight,23,6,0.24721308988717006,0.5392657568696985
bulge,23,6,0.24721308988717006,0.5392657568696985
swelling,23,6,0.24721308988717006,0.5392657568696985
pace,23,6,0.24721308988717006,0.5392657568696985
unmarked,23,6,0.24721308988717006,0.5392657568696985
box,23,6,0.24721308988717006,0.5392657568696985
unholstered,23,6,0.24721308988717006,0.5392657568696985
surveillance,33,9,0.20276359624618756,0.539175239366626
shorts,33,9,0.20276359624618756,0.539175239366626
wheel,33,9,0.20276359624618756,0.539175239366626
hiding,59,17,0.14780927564850543,0.5369327781244232
family,383,121,0.05575779027763339,0.5344473787420491
information,219,68,0.07306549366120763,0.5261963116115598
suffering,9,2,0.4075512243926944,0.5213375097868135
bilateral,9,2,0.4075512243926944,0.5213375097868135
wrestle,9,2,0.4075512243926944,0.5213375097868135
tackling,9,2,0.4075512243926944,0.5213375097868135
communicate,9,2,0.4075512243926944,0.5213375097868135
contempt,9,2,0.4075512243926944,0.5213375097868135
kicks,9,2,0.4075512243926944,0.5213375097868135
offenses,9,2,0.4075512243926944,0.5213375097868135
threshold,9,2,0.4075512243926944,0.5213375097868135
compartment,9,2,0.4075512243926944,0.5213375097868135
upperbody,9,2,0.4075512243926944,0.5213375097868135
rotating,9,2,0.4075512243926944,0.5213375097868135
administering,9,2,0.4075512243926944,0.5213375097868135
confront,9,2,0.4075512243926944,0.5213375097868135
grandmother,9,2,0.4075512243926944,0.5213375097868135
wallet,9,2,0.4075512243926944,0.5213375097868135
item,16,4,0.28977044940809193,0.5183497899560758
baggie,16,4,0.28977044940809193,0.5183497899560758
patrolling,16,4,0.28977044940809193,0.5183497899560758
sandwich,16,4,0.28977044940809193,0.5183497899560758
postion,16,4,0.28977044940809193,0.5183497899560758
illegal,16,4,0.28977044940809193,0.5183497899560758
delivering,16,4,0.28977044940809193,0.5183497899560758
possessed,16,4,0.28977044940809193,0.5183497899560758
documentation,16,4,0.28977044940809193,0.5183497899560758
returned,100,30,0.10746261334177198,0.5161808026925935
size,36,10,0.18441447272424583,0.5158842332376857
passed,65,19,0.1334334953873828,0.5115997851158172
don,234,73,0.0683632139847532,0.5098181727479877
apart,26,7,0.2156647482115499,0.5064624641755049
effects,26,7,0.2156647482115499,0.5064624641755049
protect,26,7,0.2156647482115499,0.5064624641755049
walking,706,227,0.03819120916562202,0.5001569727019366
deployment,131,40,0.08981004394454217,0.49708813806388974
doctor,39,11,0.16914701552486733,0.4954404347581082
starting,39,11,0.16914701552486733,0.4954404347581082
allowing,109,33,0.09833017237191477,0.49483908859447195
gray,55,16,0.13822740114679277,0.48661154829263475
initiated,55,16,0.13822740114679277,0.48661154829263475
despite,55,16,0.13822740114679277,0.48661154829263475
drop,137,42,0.0858035107023074,0.4864088585246989
appeared,476,152,0.04505112035252079,0.48331328678421803
stolen,74,22,0.11650788749154195,0.4797491504986955
sets,29,8,0.19133266308650043,0.4790933766903301
administer,29,8,0.19133266308650043,0.4790933766903301
presented,29,8,0.19133266308650043,0.4790933766903301
yes,29,8,0.19133266308650043,0.4790933766903301
heavy,29,8,0.19133266308650043,0.4790933766903301
causing,393,125,0.04900482649659654,0.47702625317211794
glasses,19,5,0.23847717249417677,0.4744553800866508
violations,19,5,0.23847717249417677,0.4744553800866508
narrow,19,5,0.23847717249417677,0.4744553800866508
concealing,19,5,0.23847717249417677,0.4744553800866508
similar,19,5,0.23847717249417677,0.4744553800866508
clockwise,19,5,0.23847717249417677,0.4744553800866508
remaining,19,5,0.23847717249417677,0.4744553800866508
retrieved,58,17,0.1307126190767125,0.47391450156105913
gonna,58,17,0.1307126190767125,0.47391450156105913
knew,58,17,0.1307126190767125,0.47391450156105913
set,121,37,0.08836254121755083,0.47030387368954646
bolt,5,1,0.5129094934260117,0.46821845331596
paced,5,1,0.5129094934260117,0.46821845331596
ingested,5,1,0.5129094934260117,0.46821845331596
yanking,5,1,0.5129094934260117,0.46821845331596
indicate,5,1,0.5129094934260117,0.46821845331596
rushing,5,1,0.5129094934260117,0.46821845331596
bull,5,1,0.5129094934260117,0.46821845331596
regaining,5,1,0.5129094934260117,0.46821845331596
southside,5,1,0.5129094934260117,0.46821845331596
parent,5,1,0.5129094934260117,0.46821845331596
opposing,5,1,0.5129094934260117,0.46821845331596
trust,5,1,0.5129094934260117,0.46821845331596
resume,5,1,0.5129094934260117,0.46821845331596
hurry,5,1,0.5129094934260117,0.46821845331596
psych,5,1,0.5129094934260117,0.46821845331596
trap,5,1,0.5129094934260117,0.46821845331596
attended,5,1,0.5129094934260117,0.46821845331596
referencing,5,1,0.5129094934260117,0.46821845331596
assignment,5,1,0.5129094934260117,0.46821845331596
relinquish,5,1,0.5129094934260117,0.46821845331596
pay,5,1,0.5129094934260117,0.46821845331596
plant,5,1,0.5129094934260117,0.46821845331596
fucker,5,1,0.5129094934260117,0.46821845331596
furhter,5,1,0.5129094934260117,0.46821845331596
disconnected,5,1,0.5129094934260117,0.46821845331596
clearance,5,1,0.5129094934260117,0.46821845331596
protecting,5,1,0.5129094934260117,0.46821845331596
engagement,5,1,0.5129094934260117,0.46821845331596
urinate,5,1,0.5129094934260117,0.46821845331596
serveral,5,1,0.5129094934260117,0.46821845331596
fitting,5,1,0.5129094934260117,0.46821845331596
vomit,5,1,0.5129094934260117,0.46821845331596
computer,5,1,0.5129094934260117,0.46821845331596
consciousness,5,1,0.5129094934260117,0.46821845331596
headlights,5,1,0.5129094934260117,0.46821845331596
everybody,5,1,0.5129094934260117,0.46821845331596
legal,5,1,0.5129094934260117,0.46821845331596
partners,5,1,0.5129094934260117,0.46821845331596
postured,5,1,0.5129094934260117,0.46821845331596
episode,5,1,0.5129094934260117,0.46821845331596
triangulate,5,1,0.5129094934260117,0.46821845331596
rec,5,1,0.5129094934260117,0.46821845331596
reactionary,5,1,0.5129094934260117,0.46821845331596
keeps,5,1,0.5129094934260117,0.46821845331596
addresses,5,1,0.5129094934260117,0.46821845331596
formulated,5,1,0.5129094934260117,0.46821845331596
torn,5,1,0.5129094934260117,0.46821845331596
nephew,5,1,0.5129094934260117,0.46821845331596
hazardous,5,1,0.5129094934260117,0.46821845331596
distracting,5,1,0.5129094934260117,0.46821845331596
civilians,5,1,0.5129094934260117,0.46821845331596
indicative,5,1,0.5129094934260117,0.46821845331596
big,5,1,0.5129094934260117,0.46821845331596
writhing,5,1,0.5129094934260117,0.46821845331596
football,5,1,0.5129094934260117,0.46821845331596
permit,5,1,0.5129094934260117,0.46821845331596
obstruct,5,1,0.5129094934260117,0.46821845331596
environment,5,1,0.5129094934260117,0.46821845331596
limit,5,1,0.5129094934260117,0.46821845331596
options,5,1,0.5129094934260117,0.46821845331596
thanked,5,1,0.5129094934260117,0.46821845331596
specific,5,1,0.5129094934260117,0.46821845331596
investigations,5,1,0.5129094934260117,0.46821845331596
dealer,5,1,0.5129094934260117,0.46821845331596
wirst,5,1,0.5129094934260117,0.46821845331596
bones,5,1,0.5129094934260117,0.46821845331596
laughing,5,1,0.5129094934260117,0.46821845331596
destructive,5,1,0.5129094934260117,0.46821845331596
inspection,5,1,0.5129094934260117,0.46821845331596
utt,5,1,0.5129094934260117,0.46821845331596
tightness,99,30,0.0974100536156648,0.4673505465863905
missed,32,9,0.1719897154265304,0.45581987617276326
hrs,386,123,0.04715971192778223,0.45527991659161626
cage,64,19,0.11792708549933906,0.4513495991706772
backed,64,19,0.11792708549933906,0.4513495991706772
failed,133,41,0.08026702632556315,0.44928286820533686
procedure,12,3,0.2897682114398332,0.4489022140654419
straddled,12,3,0.2897682114398332,0.4489022140654419
option,12,3,0.2897682114398332,0.4489022140654419
rinsed,12,3,0.2897682114398332,0.4489022140654419
uninvolved,12,3,0.2897682114398332,0.4489022140654419
possibility,12,3,0.2897682114398332,0.4489022140654419
verbalize,12,3,0.2897682114398332,0.4489022140654419
shed,12,3,0.2897682114398332,0.4489022140654419
beating,12,3,0.2897682114398332,0.4489022140654419
track,12,3,0.2897682114398332,0.4489022140654419
winter,12,3,0.2897682114398332,0.4489022140654419
jerked,12,3,0.2897682114398332,0.4489022140654419
damaging,12,3,0.2897682114398332,0.4489022140654419
replaced,12,3,0.2897682114398332,0.4489022140654419
presence,48,14,0.13562436744870787,0.44648371699090056
punches,136,42,0.078475246382812,0.44448273634864877
saliva,22,6,0.20275910619467652,0.44022959940838324
infront,22,6,0.20275910619467652,0.44022959940838324
fought,22,6,0.20275910619467652,0.44022959940838324
treated,327,104,0.049071249724407906,0.43573937195530543
bursts,35,10,0.1562413733947956,0.435721334553076
bear,51,15,0.1272561322469432,0.4332266114197372
completely,70,21,0.10745581420396988,0.43185379964689496
know,120,37,0.080061514313158,0.425707126391316
access,54,16,0.11987603935417823,0.4211302546404627
skin,38,11,0.1431693065838875,0.41814179780731464
ahead,25,7,0.1764418135066883,0.4126055012236185
gather,25,7,0.1764418135066883,0.4126055012236185
specifically,25,7,0.1764418135066883,0.4126055012236185
common,25,7,0.1764418135066883,0.4126055012236185
posture,25,7,0.1764418135066883,0.4126055012236185
trespassing,41,12,0.13214385119334082,0.4025999203477898
escorted,801,260,0.028696865030761742,0.40169904121717764
shake,15,4,0.22522970865292713,0.4002380956784746
baggies,15,4,0.22522970865292713,0.4002380956784746
rock,15,4,0.22522970865292713,0.4002380956784746
alongside,15,4,0.22522970865292713,0.4002380956784746
plainclothes,15,4,0.22522970865292713,0.4002380956784746
noting,15,4,0.22522970865292713,0.4002380956784746
ring,15,4,0.22522970865292713,0.4002380956784746
bladed,28,8,0.15623912139582252,0.3897180844896676
sound,28,8,0.15623912139582252,0.3897180844896676
slapped,28,8,0.15623912139582252,0.3897180844896676
originally,28,8,0.15623912139582252,0.3897180844896676
discovered,28,8,0.15623912139582252,0.3897180844896676
hook,44,13,0.12271872525065497,0.38873359929405427
wrap,44,13,0.12271872525065497,0.38873359929405427
irate,150,47,0.06397551751997987,0.3826539776168545
completed,389,125,0.03876565514498864,0.37688847058928754
slipped,69,21,0.09306485328782976,0.37339422212163836
damage,69,21,0.09306485328782976,0.37339422212163836
footage,125,39,0.06823757943801212,0.3719903481791107
sleeve,31,9,0.14023879497316116,0.3703623555459277
breathe,31,9,0.14023879497316116,0.3703623555459277
station,202,64,0.052874902868537355,0.36853665490798804
distraction,8,2,0.2897659735063822,0.3665255944250677
gloves,8,2,0.2897659735063822,0.3665255944250677
diffuse,8,2,0.2897659735063822,0.3665255944250677
furniture,8,2,0.2897659735063822,0.3665255944250677
boxing,8,2,0.2897659735063822,0.3665255944250677
approved,8,2,0.2897659735063822,0.3665255944250677
unbuckled,8,2,0.2897659735063822,0.3665255944250677
spotlight,8,2,0.2897659735063822,0.3665255944250677
petit,8,2,0.2897659735063822,0.3665255944250677
recklessly,8,2,0.2897659735063822,0.3665255944250677
flexing,8,2,0.2897659735063822,0.3665255944250677
smashing,8,2,0.2897659735063822,0.3665255944250677
docking,8,2,0.2897659735063822,0.3665255944250677
underhook,8,2,0.2897659735063822,0.3665255944250677
exhausted,8,2,0.2897659735063822,0.3665255944250677
squaring,8,2,0.2897659735063822,0.3665255944250677
passive,8,2,0.2897659735063822,0.3665255944250677
slapping,8,2,0.2897659735063822,0.3665255944250677
jam,8,2,0.2897659735063822,0.3665255944250677
balling,8,2,0.2897659735063822,0.3665255944250677
crook,8,2,0.2897659735063822,0.3665255944250677
chewing,8,2,0.2897659735063822,0.3665255944250677
nearest,8,2,0.2897659735063822,0.3665255944250677
iphone,8,2,0.2897659735063822,0.3665255944250677
classroom,8,2,0.2897659735063822,0.3665255944250677
rape,8,2,0.2897659735063822,0.3665255944250677
placement,8,2,0.2897659735063822,0.3665255944250677
stadium,8,2,0.2897659735063822,0.3665255944250677
catching,8,2,0.2897659735063822,0.3665255944250677
lady,8,2,0.2897659735063822,0.3665255944250677
perceived,8,2,0.2897659735063822,0.3665255944250677
displacement,8,2,0.2897659735063822,0.3665255944250677
bikes,8,2,0.2897659735063822,0.3665255944250677
button,50,15,0.10745128192385245,0.3649751636948254
alarm,18,5,0.1844077307237857,0.364778242856983
obscene,18,5,0.1844077307237857,0.364778242856983
alert,18,5,0.1844077307237857,0.364778242856983
adjust,18,5,0.1844077307237857,0.364778242856983
struggle,208,66,0.05137365462951937,0.3635567174208123
look,53,16,0.10118168322594379,0.3546921597462935
spotted,34,10,0.12725161417152187,0.35372155813415995
live,34,10,0.12725161417152187,0.35372155813415995
requesting,34,10,0.12725161417152187,0.35372155813415995
lose,78,24,0.08213582526597207,0.3518439386859626
witnessed,81,25,0.07905417286453975,0.3454995961465889
ignored,192,61,0.050109529842434775,0.3408680593763389
threat,37,11,0.11649883697564256,0.33922030037283885
referred,21,6,0.15623686946189963,0.3375032285591568
stunned,21,6,0.15623686946189963,0.3375032285591568
utilize,21,6,0.15623686946189963,0.3375032285591568
present,59,18,0.09064420642972237,0.33661259118326886
obscenities,59,18,0.09064420642972237,0.33661259118326886
clear,118,37,0.0632499478343913,0.33564630180201704
charges,87,27,0.07355212394274346,0.3338447633295349
looked,164,52,0.05210838027908693,0.32736190899931084
complaints,40,12,0.10744901592729938,0.3264401720442727
soon,127,40,0.05879091053016694,0.3242090559742544
deploy,65,20,0.08213354514350613,0.3211835506259777
transitioned,408,132,0.03196094765402435,0.3190416512512143
package,24,7,0.13561759745476287,0.3157035032028002
story,24,7,0.13561759745476287,0.3157035032028002
upwards,24,7,0.13561759745476287,0.3157035032028002
slow,24,7,0.13561759745476287,0.3157035032028002
right,10464,3474,0.0062462001524914434,0.3152752945233153
opening,43,13,0.09972698422114412,0.31506875432896103
tackle,43,13,0.09972698422114412,0.31506875432896103
handcuffs,1488,489,0.01634653712286749,0.31308864136034653
worker,11,3,0.2027546163427001,0.3112857005795492
imminent,11,3,0.2027546163427001,0.3112857005795492
winton,11,3,0.2027546163427001,0.3112857005795492
interactions,11,3,0.2027546163427001,0.3112857005795492
partial,11,3,0.2027546163427001,0.3112857005795492
tazed,11,3,0.2027546163427001,0.3112857005795492
submitted,11,3,0.2027546163427001,0.3112857005795492
drawing,11,3,0.2027546163427001,0.3112857005795492
destroying,11,3,0.2027546163427001,0.3112857005795492
enraged,11,3,0.2027546163427001,0.3112857005795492
fit,11,3,0.2027546163427001,0.3112857005795492
answering,11,3,0.2027546163427001,0.3112857005795492
approach,105,33,0.06093374444954236,0.30529628717293983
progress,46,14,0.09306030718477132,0.3048674798002101
tripped,46,14,0.09306030718477132,0.3048674798002101
shout,27,8,0.11986925536265503,0.2977753685723001
announced,27,8,0.11986925536265503,0.2977753685723001
degree,27,8,0.11986925536265503,0.2977753685723001
little,49,15,0.08724635158837124,0.29565063707479616
scream,117,37,0.05473703409382935,0.29017532721082917
allow,120,38,0.05338660903007586,0.2867679128709765
knowledge,30,9,0.10744675002641202,0.2827024175578647
knives,30,9,0.10744675002641202,0.2827024175578647
held,658,215,0.022065994684399293,0.28069572685648714
confrontation,14,4,0.15623461759302337,0.27556816409401963
stiff,14,4,0.15623461759302337,0.27556816409401963
aint,14,4,0.15623461759302337,0.27556816409401963
paper,14,4,0.15623461759302337,0.27556816409401963
thrust,14,4,0.15623461759302337,0.27556816409401963
harassing,14,4,0.15623461759302337,0.27556816409401963
smashed,14,4,0.15623461759302337,0.27556816409401963
jugular,14,4,0.15623461759302337,0.27556816409401963
safe,58,18,0.0735475498083229,0.27257447161446985
video,147,47,0.04376613720920908,0.26114172119356893
notch,64,20,0.0666271352155956,0.2600681106946167
vodka,4,1,0.2897637356077407,0.25917165247572144
react,4,1,0.2897637356077407,0.25917165247572144
unspecified,4,1,0.2897637356077407,0.25917165247572144
quality,4,1,0.2897637356077407,0.25917165247572144
feeding,4,1,0.2897637356077407,0.25917165247572144
hid,4,1,0.2897637356077407,0.25917165247572144
trail,4,1,0.2897637356077407,0.25917165247572144
focusing,4,1,0.2897637356077407,0.25917165247572144
medium,4,1,0.2897637356077407,0.25917165247572144
southern,4,1,0.2897637356077407,0.25917165247572144
reappeared,4,1,0.2897637356077407,0.25917165247572144
correctly,4,1,0.2897637356077407,0.25917165247572144
consisting,4,1,0.2897637356077407,0.25917165247572144
triangulated,4,1,0.2897637356077407,0.25917165247572144
backs,4,1,0.2897637356077407,0.25917165247572144
generally,4,1,0.2897637356077407,0.25917165247572144
stabalization,4,1,0.2897637356077407,0.25917165247572144
knob,4,1,0.2897637356077407,0.25917165247572144
audible,4,1,0.2897637356077407,0.25917165247572144
witnessing,4,1,0.2897637356077407,0.25917165247572144
homeless,4,1,0.2897637356077407,0.25917165247572144
smaller,4,1,0.2897637356077407,0.25917165247572144
interrupted,4,1,0.2897637356077407,0.25917165247572144
cycling,4,1,0.2897637356077407,0.25917165247572144
penetrating,4,1,0.2897637356077407,0.25917165247572144
controling,4,1,0.2897637356077407,0.25917165247572144
gotta,4,1,0.2897637356077407,0.25917165247572144
wristlock,4,1,0.2897637356077407,0.25917165247572144
hundreds,4,1,0.2897637356077407,0.25917165247572144
approximatly,4,1,0.2897637356077407,0.25917165247572144
operations,4,1,0.2897637356077407,0.25917165247572144
stiffen,4,1,0.2897637356077407,0.25917165247572144
purchase,4,1,0.2897637356077407,0.25917165247572144
reiterating,4,1,0.2897637356077407,0.25917165247572144
uniforms,4,1,0.2897637356077407,0.25917165247572144
planning,4,1,0.2897637356077407,0.25917165247572144
ser,4,1,0.2897637356077407,0.25917165247572144
administrators,4,1,0.2897637356077407,0.25917165247572144
belted,4,1,0.2897637356077407,0.25917165247572144
dis,4,1,0.2897637356077407,0.25917165247572144
antagonizing,4,1,0.2897637356077407,0.25917165247572144
chester,4,1,0.2897637356077407,0.25917165247572144
fatigued,4,1,0.2897637356077407,0.25917165247572144
residences,4,1,0.2897637356077407,0.25917165247572144
primarily,4,1,0.2897637356077407,0.25917165247572144
counts,4,1,0.2897637356077407,0.25917165247572144
unless,4,1,0.2897637356077407,0.25917165247572144
relieve,4,1,0.2897637356077407,0.25917165247572144
quiet,4,1,0.2897637356077407,0.25917165247572144
behalf,4,1,0.2897637356077407,0.25917165247572144
penetration,4,1,0.2897637356077407,0.25917165247572144
strongly,4,1,0.2897637356077407,0.25917165247572144
laws,4,1,0.2897637356077407,0.25917165247572144
guardian,4,1,0.2897637356077407,0.25917165247572144
frantically,4,1,0.2897637356077407,0.25917165247572144
manage,4,1,0.2897637356077407,0.25917165247572144
fail,4,1,0.2897637356077407,0.25917165247572144
posted,4,1,0.2897637356077407,0.25917165247572144
scrap,4,1,0.2897637356077407,0.25917165247572144
basic,4,1,0.2897637356077407,0.25917165247572144
burgundy,4,1,0.2897637356077407,0.25917165247572144
comment,4,1,0.2897637356077407,0.25917165247572144
ascertain,4,1,0.2897637356077407,0.25917165247572144
material,4,1,0.2897637356077407,0.25917165247572144
littering,4,1,0.2897637356077407,0.25917165247572144
elbowing,4,1,0.2897637356077407,0.25917165247572144
fields,4,1,0.2897637356077407,0.25917165247572144
fluid,4,1,0.2897637356077407,0.25917165247572144
glanced,4,1,0.2897637356077407,0.25917165247572144
scratched,4,1,0.2897637356077407,0.25917165247572144
plus,4,1,0.2897637356077407,0.25917165247572144
promptly,4,1,0.2897637356077407,0.25917165247572144
apprehending,4,1,0.2897637356077407,0.25917165247572144
surrender,4,1,0.2897637356077407,0.25917165247572144
happy,4,1,0.2897637356077407,0.25917165247572144
pretended,4,1,0.2897637356077407,0.25917165247572144
discontinued,4,1,0.2897637356077407,0.25917165247572144
appropriately,4,1,0.2897637356077407,0.25917165247572144
calfs,4,1,0.2897637356077407,0.25917165247572144
pour,4,1,0.2897637356077407,0.25917165247572144
collarbone,4,1,0.2897637356077407,0.25917165247572144
dug,4,1,0.2897637356077407,0.25917165247572144
branch,4,1,0.2897637356077407,0.25917165247572144
overtop,4,1,0.2897637356077407,0.25917165247572144
snowy,4,1,0.2897637356077407,0.25917165247572144
untill,4,1,0.2897637356077407,0.25917165247572144
bald,4,1,0.2897637356077407,0.25917165247572144
bitten,4,1,0.2897637356077407,0.25917165247572144
refuses,4,1,0.2897637356077407,0.25917165247572144
sober,4,1,0.2897637356077407,0.25917165247572144
strangle,4,1,0.2897637356077407,0.25917165247572144
dry,4,1,0.2897637356077407,0.25917165247572144
mediate,4,1,0.2897637356077407,0.25917165247572144
secrete,4,1,0.2897637356077407,0.25917165247572144
transactions,4,1,0.2897637356077407,0.25917165247572144
swinging,150,48,0.042915449335481526,0.25874810807138604
groundcuffed,17,5,0.12724709641734044,0.2501143243458802
engine,17,5,0.12724709641734044,0.2501143243458802
powder,17,5,0.12724709641734044,0.2501143243458802
completion,17,5,0.12724709641734044,0.2501143243458802
restraining,17,5,0.12724709641734044,0.2501143243458802
brief,70,22,0.060929142280029325,0.24926381425711366
decontamination,39,12,0.08212898527854584,0.24878065611116995
believed,165,53,0.03913479650372409,0.24782057974170102
frame,73,23,0.058441592876439685,0.24438697374700252
seeing,42,13,0.07619426401653939,0.24005907043117364
relocated,42,13,0.07619426401653939,0.24005907043117364
couple,42,13,0.07619426401653939,0.24005907043117364
approx,76,24,0.05615589165196866,0.23981291843406494
initial,79,25,0.054048423358395326,0.23551213656396025
finished,45,14,0.07107917755789472,0.23225553886445408
far,20,6,0.10744448422117969,0.23082305548904558
belongings,20,6,0.10744448422117969,0.23082305548904558
resistance,134,43,0.040118556126053306,0.2288666456572024
bicep,213,69,0.030667121114187346,0.22134120562601917
records,51,16,0.06271095619179157,0.21884046157508308
attack,51,16,0.06271095619179157,0.21884046157508308
indicating,23,7,0.09305576152615558,0.21556847040845056
passing,23,7,0.09305576152615558,0.21556847040845056
trip,23,7,0.09305576152615558,0.21556847040845056
buttocks,57,18,0.05615358384237723,0.2076797507444662
currently,26,8,0.08212670553603196,0.203125676161283
areas,26,8,0.08212670553603196,0.203125676161283
recording,60,19,0.05337967102830454,0.20276217986293812
cartridge,115,37,0.0374907795311934,0.1983345947177207
questioned,7,2,0.1562323657891902,0.19485465519186645
belonged,7,2,0.1562323657891902,0.19485465519186645
comands,7,2,0.1562323657891902,0.19485465519186645
failure,7,2,0.1562323657891902,0.19485465519186645
confirming,7,2,0.1562323657891902,0.19485465519186645
tip,7,2,0.1562323657891902,0.19485465519186645
detention,7,2,0.1562323657891902,0.19485465519186645
activly,7,2,0.1562323657891902,0.19485465519186645
initiating,7,2,0.1562323657891902,0.19485465519186645
audio,7,2,0.1562323657891902,0.19485465519186645
alleged,7,2,0.1562323657891902,0.19485465519186645
encroaching,7,2,0.1562323657891902,0.19485465519186645
dots,7,2,0.1562323657891902,0.19485465519186645
squatted,7,2,0.1562323657891902,0.19485465519186645
travelling,7,2,0.1562323657891902,0.19485465519186645
crowded,7,2,0.1562323657891902,0.19485465519186645
rays,7,2,0.1562323657891902,0.19485465519186645
sprint,7,2,0.1562323657891902,0.19485465519186645
incapacitation,7,2,0.1562323657891902,0.19485465519186645
civilian,7,2,0.1562323657891902,0.19485465519186645
neared,7,2,0.1562323657891902,0.19485465519186645
game,7,2,0.1562323657891902,0.19485465519186645
supposed,7,2,0.1562323657891902,0.19485465519186645
dynamic,7,2,0.1562323657891902,0.19485465519186645
stared,7,2,0.1562323657891902,0.19485465519186645
emotionally,7,2,0.1562323657891902,0.19485465519186645
menaced,7,2,0.1562323657891902,0.19485465519186645
concerning,7,2,0.1562323657891902,0.19485465519186645
mass,7,2,0.1562323657891902,0.19485465519186645
recover,7,2,0.1562323657891902,0.19485465519186645
phones,7,2,0.1562323657891902,0.19485465519186645
thinking,7,2,0.1562323657891902,0.19485465519186645
effectiveness,7,2,0.1562323657891902,0.19485465519186645
avail,7,2,0.1562323657891902,0.19485465519186645
buy,7,2,0.1562323657891902,0.19485465519186645
absconder,7,2,0.1562323657891902,0.19485465519186645
emanating,7,2,0.1562323657891902,0.19485465519186645
linked,7,2,0.1562323657891902,0.19485465519186645
sternum,7,2,0.1562323657891902,0.19485465519186645
recognize,7,2,0.1562323657891902,0.19485465519186645
entryway,7,2,0.1562323657891902,0.19485465519186645
segmenting,7,2,0.1562323657891902,0.19485465519186645
extensive,7,2,0.1562323657891902,0.19485465519186645
reapply,7,2,0.1562323657891902,0.19485465519186645
series,7,2,0.1562323657891902,0.19485465519186645
reply,7,2,0.1562323657891902,0.19485465519186645
undercover,7,2,0.1562323657891902,0.19485465519186645
manipulated,7,2,0.1562323657891902,0.19485465519186645
growing,7,2,0.1562323657891902,0.19485465519186645
wood,29,9,0.07354297624304529,0.19273315111808434
alerted,32,10,0.06662254769615039,0.1838894854504906
account,32,10,0.06662254769615039,0.1838894854504906
near,369,121,0.018488285395905635,0.17641221787927683
slip,35,11,0.060924540805860516,0.17624937392683618
coming,160,52,0.027406869950688417,0.17166330814860048
employee,38,12,0.0561512762225167,0.16956627220162673
problems,38,12,0.0561512762225167,0.16956627220162673
dispute,38,12,0.0561512762225167,0.16956627220162673
kneeled,38,12,0.0561512762225167,0.16956627220162673
wash,166,54,0.026480543001148327,0.1690004579137126
forth,93,30,0.03487635352542284,0.16608747250722197
sobriety,10,3,0.10744221851160063,0.1632147787608749
squirming,10,3,0.10744221851160063,0.1632147787608749
flex,10,3,0.10744221851160063,0.1632147787608749
flipped,10,3,0.10744221851160063,0.1632147787608749
burn,10,3,0.10744221851160063,0.1632147787608749
bad,10,3,0.10744221851160063,0.1632147787608749
trapped,10,3,0.10744221851160063,0.1632147787608749
word,10,3,0.10744221851160063,0.1632147787608749
planted,10,3,0.10744221851160063,0.1632147787608749
reverse,10,3,0.10744221851160063,0.1632147787608749
rearward,10,3,0.10744221851160063,0.1632147787608749
scrapes,10,3,0.10744221851160063,0.1632147787608749
length,10,3,0.10744221851160063,0.1632147787608749
reacted,10,3,0.10744221851160063,0.1632147787608749
play,10,3,0.10744221851160063,0.1632147787608749
reference,10,3,0.10744221851160063,0.1632147787608749
capt,10,3,0.10744221851160063,0.1632147787608749
suspicion,10,3,0.10744221851160063,0.1632147787608749
defendant,187,61,0.02371165155600785,0.16078034843188987
person,326,107,0.017548312725682358,0.1574478327453314
light,108,35,0.030257477484106232,0.15554627794105483
prevented,50,16,0.04290610580577514,0.1493718493264482
strong,247,81,0.018416359776676217,0.1437938093524784
transaction,13,4,0.08212442592014746,0.14362950740503022
crash,13,4,0.08212442592014746,0.14362950740503022
climbing,13,4,0.08212442592014746,0.14362950740503022
sirens,13,4,0.08212442592014746,0.14362950740503022
instruct,13,4,0.08212442592014746,0.14362950740503022
touched,13,4,0.08212442592014746,0.14362950740503022
resulting,13,4,0.08212442592014746,0.14362950740503022
sent,13,4,0.08212442592014746,0.14362950740503022
questioning,13,4,0.08212442592014746,0.14362950740503022
scissors,13,4,0.08212442592014746,0.14362950740503022
equipment,13,4,0.08212442592014746,0.14362950740503022
pedestrians,13,4,0.08212442592014746,0.14362950740503022
mind,13,4,0.08212442592014746,0.14362950740503022
knife,419,138,0.014097433441069285,0.1435683502165899
steps,135,44,0.024559581897774407,0.14145674991836568
customer,59,19,0.03657032939791627,0.13862982294383383
left,9651,3215,0.0027605055300568004,0.1341039641980088
route,65,21,0.03333672480181704,0.13280347139837292
doors,68,22,0.03193715842060918,0.13019933467796418
mic,16,5,0.066620254173408,0.13002722573203784
pedigree,16,5,0.066620254173408,0.13002722573203784
pull,1681,558,0.0062757143454659214,0.12821167412649231
unsuccessful,74,24,0.029483197386150906,0.1255012580374125
striking,195,64,0.017591191262344985,0.12208427190488112
unlocked,19,6,0.056148968792358644,0.11989896202723234
muscle,19,6,0.056148968792358644,0.11989896202723234
furthermore,19,6,0.056148968792358644,0.11989896202723234
diagnosed,19,6,0.056148968792358644,0.11989896202723234
written,19,6,0.056148968792358644,0.11989896202723234
treat,22,7,0.048601777469675866,0.11199619916832264
rifle,22,7,0.048601777469675866,0.11199619916832264
touching,22,7,0.048601777469675866,0.11199619916832264
tase,22,7,0.048601777469675866,0.11199619916832264
drugs,98,32,0.02270362194251696,0.11149746100001418
damaged,25,8,0.042903770559119536,0.10561894187569841
commotion,25,8,0.042903770559119536,0.10561894187569841
throat,25,8,0.042903770559119536,0.10561894187569841
pinning,28,9,0.03844943434135395,0.10034049500577956
helping,28,9,0.03844943434135395,0.10034049500577956
proper,28,9,0.03844943434135395,0.10034049500577956
grabbing,387,128,0.009870036620437617,0.09675870182548298
contact,970,322,0.006225068014619417,0.09668517576425041
wrong,31,10,0.03487162707435054,0.09588409179998882
suck,31,10,0.03487162707435054,0.09588409179998882
fallen,31,10,0.03487162707435054,0.09588409179998882
prone,152,50,0.015329812053252567,0.09401461590866748
purse,34,11,0.03193478144503814,0.09206137867986988
rapid,34,11,0.03193478144503814,0.09206137867986988
midsection,37,12,0.02948080649982998,0.0887391655084515
tell,179,59,0.01332078377945578,0.08871728283427212
grab,585,194,0.0072302154866932256,0.08721278420833287
driving,194,64,0.012447567101596668,0.08633216848159969
record,40,13,0.02739965429113056,0.08582027630706071
having,206,68,0.011841010652390516,0.08464531833407084
physical,215,71,0.011430739855430083,0.08349044441112678
pressing,43,14,0.02561235769550585,0.08323194002530768
children,46,15,0.02406078096926656,0.0809184475379319
arresting,49,16,0.02270117540763472,0.07883633841833482
grip,365,121,0.007580092335723876,0.07223042139461007
slightly,64,21,0.01783031483822306,0.07089550442527671
attached,67,22,0.017119849153255373,0.069666138511221
camera,515,171,0.0059773244300762585,0.0676859786272399
burst,527,175,0.0058886105782214315,0.0674551465000061
subsequently,79,26,0.014821053211813151,0.06554610903304627
punched,82,27,0.014352133932101552,0.06467744724736046
upset,94,31,0.01277738606554557,0.061686031241079645
aggressively,100,33,0.012132460599643125,0.060427160980114455
residence,103,34,0.011838313588862448,0.059846441449232894
momentum,121,40,0.01038102482893244,0.056910446843132914
kicked,220,73,0.0066384969687085515,0.04913636105935866
trained,796,265,0.003342421758046221,0.04708680771128224
deployed,387,129,0.0020812328109611755,0.020462537059187602
large,363,121,0.002081121747230519,0.019817356151444126
middle,240,80,0.0020805527316065664,0.01611159775353397
clarence,42,0,16.813142377102317,0.014068806898395554
vickers,33,0,16.813122359553596,0.012470649595250096
kosz,31,0,16.813117911263852,0.012086841818915093
jakwaune,30,0,16.813115687126405,0.01189029313390088
stabilizing,123,41,0.0020800117615227265,0.011532648262740407
campus,24,0,16.81310234240558,0.01063499304682914
evidence,102,34,0.002079914694103735,0.010501865151384947
broad,23,0,16.81310011830275,0.010411072001323596
sso,22,0,16.813097894204873,0.01018222793994844
badge,93,31,0.0020798730965534418,0.010027749595556957
seizure,20,0,16.813093446023956,0.00970837084740401
berhe,20,0,16.813093446023956,0.00970837084740401
accompanied,20,0,16.813093446023956,0.00970837084740401
compliant,84,28,0.0020798315006693713,0.00953009662999087
quarter,18,0,16.813088997862828,0.009210166837522855
cooperative,78,26,0.0020798037710036965,0.009183369646049948
method,17,0,16.813086773789678,0.008950672111501383
denneen,16,0,16.81308454972148,0.008683426271572828
appx,16,0,16.81308454972148,0.008683426271572828
blocking,66,22,0.0020797483138892403,0.008447358754744392
pen,15,0,16.81308232565823,0.008407690222272378
pregnant,15,0,16.81308232565823,0.008407690222272378
weather,15,0,16.81308232565823,0.008407690222272378
gang,15,0,16.81308232565823,0.008407690222272378
pierre,14,0,16.813080101599923,0.008122599363945014
jasmine,14,0,16.813080101599923,0.008122599363945014
bullets,14,0,16.813080101599923,0.008122599363945014
library,14,0,16.813080101599923,0.008122599363945014
advantage,14,0,16.813080101599923,0.008122599363945014
principal,13,0,16.81307787754656,0.007827131561065553
grounds,13,0,16.81307787754656,0.007827131561065553
kids,13,0,16.81307787754656,0.007827131561065553
louder,13,0,16.81307787754656,0.007827131561065553
mask,13,0,16.81307787754656,0.007827131561065553
disobey,13,0,16.81307787754656,0.007827131561065553
ribs,13,0,16.81307787754656,0.007827131561065553
armory,13,0,16.81307787754656,0.007827131561065553
xxxxx,12,0,16.813075653498153,0.007520063764017659
passengers,12,0,16.813075653498153,0.007520063764017659
baseball,12,0,16.813075653498153,0.007520063764017659
dismissal,12,0,16.813075653498153,0.007520063764017659
market,12,0,16.813075653498153,0.007520063764017659
administrator,12,0,16.813075653498153,0.007520063764017659
passanger,12,0,16.813075653498153,0.007520063764017659
vial,12,0,16.813075653498153,0.007520063764017659
vials,12,0,16.813075653498153,0.007520063764017659
blacks,12,0,16.813075653498153,0.007520063764017659
original,48,16,0.002079665133763342,0.007203787610284682
ducked,11,0,16.813073429454683,0.007199911947318516
interviewing,11,0,16.813073429454683,0.007199911947318516
intake,11,0,16.813073429454683,0.007199911947318516
square,11,0,16.813073429454683,0.007199911947318516
bean,10,0,16.813071205416165,0.006864845779547068
oblique,10,0,16.813071205416165,0.006864845779547068
contain,10,0,16.813071205416165,0.006864845779547068
obtaining,10,0,16.813071205416165,0.006864845779547068
chamber,10,0,16.813071205416165,0.006864845779547068
arch,10,0,16.813071205416165,0.006864845779547068
donlin,10,0,16.813071205416165,0.006864845779547068
ellison,10,0,16.813071205416165,0.006864845779547068
unsafe,10,0,16.813071205416165,0.006864845779547068
requiring,10,0,16.813071205416165,0.006864845779547068
pathway,10,0,16.813071205416165,0.006864845779547068
issuing,10,0,16.813071205416165,0.006864845779547068
microphone,10,0,16.813071205416165,0.006864845779547068
lawful,42,14,0.0020796374085332303,0.006738481339134359
rrti,9,0,16.81306898138259,0.006512563673267108
lasers,9,0,16.81306898138259,0.006512563673267108
rinse,9,0,16.81306898138259,0.006512563673267108
eat,9,0,16.81306898138259,0.006512563673267108
fender,9,0,16.81306898138259,0.006512563673267108
burnt,9,0,16.81306898138259,0.006512563673267108
executing,9,0,16.81306898138259,0.006512563673267108
edged,9,0,16.81306898138259,0.006512563673267108
debra,9,0,16.81306898138259,0.006512563673267108
leather,9,0,16.81306898138259,0.006512563673267108
spike,9,0,16.81306898138259,0.006512563673267108
asthma,9,0,16.81306898138259,0.006512563673267108
walkway,9,0,16.81306898138259,0.006512563673267108
infant,9,0,16.81306898138259,0.006512563673267108
machine,9,0,16.81306898138259,0.006512563673267108
disregard,9,0,16.81306898138259,0.006512563673267108
soften,9,0,16.81306898138259,0.006512563673267108
powered,9,0,16.81306898138259,0.006512563673267108
relationship,9,0,16.81306898138259,0.006512563673267108
cash,9,0,16.81306898138259,0.006512563673267108
puffy,9,0,16.81306898138259,0.006512563673267108
surrounding,36,12,0.002079609684042083,0.006238579858283261
ofcr,36,12,0.002079609684042083,0.006238579858283261
hopped,8,0,16.813066757353962,0.006140103102824144
function,8,0,16.813066757353962,0.006140103102824144
arc,8,0,16.813066757353962,0.006140103102824144
ammunition,8,0,16.813066757353962,0.006140103102824144
stores,8,0,16.813066757353962,0.006140103102824144
yall,8,0,16.813066757353962,0.006140103102824144
shotspotter,8,0,16.813066757353962,0.006140103102824144
birth,8,0,16.813066757353962,0.006140103102824144
kidnapping,8,0,16.813066757353962,0.006140103102824144
severely,8,0,16.813066757353962,0.006140103102824144
abrupt,8,0,16.813066757353962,0.006140103102824144
accelerated,8,0,16.813066757353962,0.006140103102824144
operation,8,0,16.813066757353962,0.006140103102824144
sergeants,8,0,16.813066757353962,0.006140103102824144
sprained,8,0,16.813066757353962,0.006140103102824144
width,8,0,16.813066757353962,0.006140103102824144
class,8,0,16.813066757353962,0.006140103102824144
jamb,8,0,16.813066757353962,0.006140103102824144
techn,8,0,16.813066757353962,0.006140103102824144
ngo,8,0,16.813066757353962,0.006140103102824144
dig,8,0,16.813066757353962,0.006140103102824144
freely,8,0,16.813066757353962,0.006140103102824144
terminal,8,0,16.813066757353962,0.006140103102824144
hay,8,0,16.813066757353962,0.006140103102824144
callers,8,0,16.813066757353962,0.006140103102824144
maker,7,0,16.81306453333028,0.005743539772806775
protruding,7,0,16.81306453333028,0.005743539772806775
storm,7,0,16.81306453333028,0.005743539772806775
beard,7,0,16.81306453333028,0.005743539772806775
boxed,7,0,16.81306453333028,0.005743539772806775
demands,7,0,16.81306453333028,0.005743539772806775
mere,7,0,16.81306453333028,0.005743539772806775
determination,7,0,16.81306453333028,0.005743539772806775
demo,7,0,16.81306453333028,0.005743539772806775
continues,7,0,16.81306453333028,0.005743539772806775
dress,7,0,16.81306453333028,0.005743539772806775
maroon,7,0,16.81306453333028,0.005743539772806775
gunshots,7,0,16.81306453333028,0.005743539772806775
strips,7,0,16.81306453333028,0.005743539772806775
shootings,7,0,16.81306453333028,0.005743539772806775
succession,7,0,16.81306453333028,0.005743539772806775
overt,7,0,16.81306453333028,0.005743539772806775
hucks,7,0,16.81306453333028,0.005743539772806775
videos,7,0,16.81306453333028,0.005743539772806775
jcr,7,0,16.81306453333028,0.005743539772806775
energize,7,0,16.81306453333028,0.005743539772806775
relative,7,0,16.81306453333028,0.005743539772806775
swallowing,7,0,16.81306453333028,0.005743539772806775
flipping,7,0,16.81306453333028,0.005743539772806775
probable,7,0,16.81306453333028,0.005743539772806775
stuns,7,0,16.81306453333028,0.005743539772806775
impeeding,7,0,16.81306453333028,0.005743539772806775
motioned,7,0,16.81306453333028,0.005743539772806775
crawling,7,0,16.81306453333028,0.005743539772806775
federal,7,0,16.81306453333028,0.005743539772806775
particular,7,0,16.81306453333028,0.005743539772806775
cracker,7,0,16.81306453333028,0.005743539772806775
rendering,7,0,16.81306453333028,0.005743539772806775
remarks,7,0,16.81306453333028,0.005743539772806775
board,30,10,0.0020795819602899,0.00569498021051158
woman,30,10,0.0020795819602899,0.00569498021051158
vertical,27,9,0.002079568098693585,0.005402714592532249
ignoring,27,9,0.002079568098693585,0.005402714592532249
growling,6,0,16.813062309311544,0.005317483862115372
chew,6,0,16.813062309311544,0.005317483862115372
alleyway,6,0,16.813062309311544,0.005317483862115372
hostility,6,0,16.813062309311544,0.005317483862115372
holstering,6,0,16.813062309311544,0.005317483862115372
pleaded,6,0,16.813062309311544,0.005317483862115372
furtherance,6,0,16.813062309311544,0.005317483862115372
brain,6,0,16.813062309311544,0.005317483862115372
cutter,6,0,16.813062309311544,0.005317483862115372
yielding,6,0,16.813062309311544,0.005317483862115372
submission,6,0,16.813062309311544,0.005317483862115372
learn,6,0,16.813062309311544,0.005317483862115372
tyson,6,0,16.813062309311544,0.005317483862115372
hugging,6,0,16.813062309311544,0.005317483862115372
jersey,6,0,16.813062309311544,0.005317483862115372
firing,6,0,16.813062309311544,0.005317483862115372
encourage,6,0,16.813062309311544,0.005317483862115372
grandson,6,0,16.813062309311544,0.005317483862115372
citation,6,0,16.813062309311544,0.005317483862115372
guests,6,0,16.813062309311544,0.005317483862115372
triangle,6,0,16.813062309311544,0.005317483862115372
consice,6,0,16.813062309311544,0.005317483862115372
decontaminate,6,0,16.813062309311544,0.005317483862115372
laundry,6,0,16.813062309311544,0.005317483862115372
stiffening,6,0,16.813062309311544,0.005317483862115372
skinned,6,0,16.813062309311544,0.005317483862115372
dreads,6,0,16.813062309311544,0.005317483862115372
accordingly,6,0,16.813062309311544,0.005317483862115372
futher,6,0,16.813062309311544,0.005317483862115372
lightly,6,0,16.813062309311544,0.005317483862115372
descent,6,0,16.813062309311544,0.005317483862115372
cane,6,0,16.813062309311544,0.005317483862115372
succesful,6,0,16.813062309311544,0.005317483862115372
mop,6,0,16.813062309311544,0.005317483862115372
bouncing,6,0,16.813062309311544,0.005317483862115372
electronic,6,0,16.813062309311544,0.005317483862115372
detection,6,0,16.813062309311544,0.005317483862115372
obstruction,6,0,16.813062309311544,0.005317483862115372
reeder,6,0,16.813062309311544,0.005317483862115372
babygirl,6,0,16.813062309311544,0.005317483862115372
volume,6,0,16.813062309311544,0.005317483862115372
motorist,6,0,16.813062309311544,0.005317483862115372
tagging,6,0,16.813062309311544,0.005317483862115372
exhaustion,6,0,16.813062309311544,0.005317483862115372
stronger,6,0,16.813062309311544,0.005317483862115372
hunched,6,0,16.813062309311544,0.005317483862115372
beaten,6,0,16.813062309311544,0.005317483862115372
ricks,6,0,16.813062309311544,0.005317483862115372
considered,6,0,16.813062309311544,0.005317483862115372
sparked,6,0,16.813062309311544,0.005317483862115372
barb,6,0,16.813062309311544,0.005317483862115372
stapling,6,0,16.813062309311544,0.005317483862115372
tossing,6,0,16.813062309311544,0.005317483862115372
pso,6,0,16.813062309311544,0.005317483862115372
noi,6,0,16.813062309311544,0.005317483862115372
freeing,6,0,16.813062309311544,0.005317483862115372
mumbled,6,0,16.813062309311544,0.005317483862115372
sugar,6,0,16.813062309311544,0.005317483862115372
contacts,6,0,16.813062309311544,0.005317483862115372
unpredictable,6,0,16.813062309311544,0.005317483862115372
hey,6,0,16.813062309311544,0.005317483862115372
volatile,6,0,16.813062309311544,0.005317483862115372
bradley,6,0,16.813062309311544,0.005317483862115372
mean,6,0,16.813062309311544,0.005317483862115372
shirts,6,0,16.813062309311544,0.005317483862115372
quantity,6,0,16.813062309311544,0.005317483862115372
trigger,24,8,0.002079554237278458,0.00509371118152663
pit,24,8,0.002079554237278458,0.00509371118152663
hide,24,8,0.002079554237278458,0.00509371118152663
semi,24,8,0.002079554237278458,0.00509371118152663
thrashed,24,8,0.002079554237278458,0.00509371118152663
boxers,5,0,16.813060085297757,0.004854175791978924
refrain,5,0,16.813060085297757,0.004854175791978924
screwdriver,5,0,16.813060085297757,0.004854175791978924
revoked,5,0,16.813060085297757,0.004854175791978924
uncle,5,0,16.813060085297757,0.004854175791978924
mercedes,5,0,16.813060085297757,0.004854175791978924
knit,5,0,16.813060085297757,0.004854175791978924
borchard,5,0,16.813060085297757,0.004854175791978924
collided,5,0,16.813060085297757,0.004854175791978924
shortness,5,0,16.813060085297757,0.004854175791978924
ingram,5,0,16.813060085297757,0.004854175791978924
childs,5,0,16.813060085297757,0.004854175791978924
casings,5,0,16.813060085297757,0.004854175791978924
bandana,5,0,16.813060085297757,0.004854175791978924
awareness,5,0,16.813060085297757,0.004854175791978924
bright,5,0,16.813060085297757,0.004854175791978924
bust,5,0,16.813060085297757,0.004854175791978924
crashing,5,0,16.813060085297757,0.004854175791978924
widening,5,0,16.813060085297757,0.004854175791978924
clinch,5,0,16.813060085297757,0.004854175791978924
cigar,5,0,16.813060085297757,0.004854175791978924
outstretched,5,0,16.813060085297757,0.004854175791978924
sought,5,0,16.813060085297757,0.004854175791978924
ohio,5,0,16.813060085297757,0.004854175791978924
complications,5,0,16.813060085297757,0.004854175791978924
bats,5,0,16.813060085297757,0.004854175791978924
coworkers,5,0,16.813060085297757,0.004854175791978924
taunt,5,0,16.813060085297757,0.004854175791978924
bought,5,0,16.813060085297757,0.004854175791978924
presentation,5,0,16.813060085297757,0.004854175791978924
taunting,5,0,16.813060085297757,0.004854175791978924
whoop,5,0,16.813060085297757,0.004854175791978924
blanketing,5,0,16.813060085297757,0.004854175791978924
fluidity,5,0,16.813060085297757,0.004854175791978924
secreting,5,0,16.813060085297757,0.004854175791978924
librarian,5,0,16.813060085297757,0.004854175791978924
tail,5,0,16.813060085297757,0.004854175791978924
normally,5,0,16.813060085297757,0.004854175791978924
harming,5,0,16.813060085297757,0.004854175791978924
timberland,5,0,16.813060085297757,0.004854175791978924
especially,5,0,16.813060085297757,0.004854175791978924
deter,5,0,16.813060085297757,0.004854175791978924
supervision,5,0,16.813060085297757,0.004854175791978924
undo,5,0,16.813060085297757,0.004854175791978924
prepare,5,0,16.813060085297757,0.004854175791978924
write,5,0,16.813060085297757,0.004854175791978924
transferring,5,0,16.813060085297757,0.004854175791978924
nervously,5,0,16.813060085297757,0.004854175791978924
bumping,5,0,16.813060085297757,0.004854175791978924
powdery,5,0,16.813060085297757,0.004854175791978924
mart,5,0,16.813060085297757,0.004854175791978924
correct,5,0,16.813060085297757,0.004854175791978924
hooks,5,0,16.813060085297757,0.004854175791978924
dismounted,5,0,16.813060085297757,0.004854175791978924
energized,5,0,16.813060085297757,0.004854175791978924
satisfied,5,0,16.813060085297757,0.004854175791978924
ties,5,0,16.813060085297757,0.004854175791978924
periods,5,0,16.813060085297757,0.004854175791978924
resisitng,5,0,16.813060085297757,0.004854175791978924
reengaged,5,0,16.813060085297757,0.004854175791978924
breeze,5,0,16.813060085297757,0.004854175791978924
distinct,5,0,16.813060085297757,0.004854175791978924
blk,5,0,16.813060085297757,0.004854175791978924
bradford,5,0,16.813060085297757,0.004854175791978924
immobilized,5,0,16.813060085297757,0.004854175791978924
overpass,5,0,16.813060085297757,0.004854175791978924
patting,5,0,16.813060085297757,0.004854175791978924
noticeably,5,0,16.813060085297757,0.004854175791978924
edgewood,5,0,16.813060085297757,0.004854175791978924
midnight,5,0,16.813060085297757,0.004854175791978924
canvassing,5,0,16.813060085297757,0.004854175791978924
eating,5,0,16.813060085297757,0.004854175791978924
bystander,5,0,16.813060085297757,0.004854175791978924
recall,5,0,16.813060085297757,0.004854175791978924
canvas,5,0,16.813060085297757,0.004854175791978924
atop,5,0,16.813060085297757,0.004854175791978924
offices,5,0,16.813060085297757,0.004854175791978924
sights,5,0,16.813060085297757,0.004854175791978924
unusual,5,0,16.813060085297757,0.004854175791978924
hammerfist,5,0,16.813060085297757,0.004854175791978924
increasing,5,0,16.813060085297757,0.004854175791978924
dealers,5,0,16.813060085297757,0.004854175791978924
printer,5,0,16.813060085297757,0.004854175791978924
ways,5,0,16.813060085297757,0.004854175791978924
theft,5,0,16.813060085297757,0.004854175791978924
forarm,5,0,16.813060085297757,0.004854175791978924
flatten,5,0,16.813060085297757,0.004854175791978924
athletic,5,0,16.813060085297757,0.004854175791978924
border,5,0,16.813060085297757,0.004854175791978924
cal,5,0,16.813060085297757,0.004854175791978924
affecting,5,0,16.813060085297757,0.004854175791978924
priority,5,0,16.813060085297757,0.004854175791978924
model,5,0,16.813060085297757,0.004854175791978924
mucus,5,0,16.813060085297757,0.004854175791978924
temporary,5,0,16.813060085297757,0.004854175791978924
jean,5,0,16.813060085297757,0.004854175791978924
exception,5,0,16.813060085297757,0.004854175791978924
paralleled,5,0,16.813060085297757,0.004854175791978924
attaching,5,0,16.813060085297757,0.004854175791978924
approximently,5,0,16.813060085297757,0.004854175791978924
congregated,5,0,16.813060085297757,0.004854175791978924
withdraw,5,0,16.813060085297757,0.004854175791978924
collapse,5,0,16.813060085297757,0.004854175791978924
interacting,5,0,16.813060085297757,0.004854175791978924
doubling,5,0,16.813060085297757,0.004854175791978924
intending,5,0,16.813060085297757,0.004854175791978924
farther,5,0,16.813060085297757,0.004854175791978924
pairs,5,0,16.813060085297757,0.004854175791978924
purchased,5,0,16.813060085297757,0.004854175791978924
oscar,5,0,16.813060085297757,0.004854175791978924
lumber,5,0,16.813060085297757,0.004854175791978924
asphalt,5,0,16.813060085297757,0.004854175791978924
socks,5,0,16.813060085297757,0.004854175791978924
leash,5,0,16.813060085297757,0.004854175791978924
prints,5,0,16.813060085297757,0.004854175791978924
smack,5,0,16.813060085297757,0.004854175791978924
pumping,5,0,16.813060085297757,0.004854175791978924
benz,5,0,16.813060085297757,0.004854175791978924
wheels,5,0,16.813060085297757,0.004854175791978924
nfi,5,0,16.813060085297757,0.004854175791978924
ensued,21,7,0.0020795403760480724,0.00476471462888491
believing,18,6,0.0020795265150059805,0.0044112538636156134
added,18,6,0.0020795265150059805,0.0044112538636156134
addition,18,6,0.0020795265150059805,0.0044112538636156134
pre,18,6,0.0020795265150059805,0.0044112538636156134
voluntarily,18,6,0.0020795265150059805,0.0044112538636156134
crawl,18,6,0.0020795265150059805,0.0044112538636156134
cigarette,18,6,0.0020795265150059805,0.0044112538636156134
normal,15,5,0.002079512654145077,0.004026891985571717
effected,15,5,0.002079512654145077,0.004026891985571717
abdominal,15,5,0.002079512654145077,0.004026891985571717
read,15,5,0.002079512654145077,0.004026891985571717
advancing,15,5,0.002079512654145077,0.004026891985571717
according,15,5,0.002079512654145077,0.004026891985571717
notice,15,5,0.002079512654145077,0.004026891985571717
chance,15,5,0.002079512654145077,0.004026891985571717
customers,12,4,0.0020794987934724674,0.003601749677109836
vulgar,12,4,0.0020794987934724674,0.003601749677109836
taught,12,4,0.0020794987934724674,0.003601749677109836
inch,12,4,0.0020794987934724674,0.003601749677109836
foyer,12,4,0.0020794987934724674,0.003601749677109836
groundcuffing,12,4,0.0020794987934724674,0.003601749677109836
enclosed,12,4,0.0020794987934724674,0.003601749677109836
yellow,12,4,0.0020794987934724674,0.003601749677109836
alright,9,3,0.002079484932981046,0.0031191963175786304
sweater,9,3,0.002079484932981046,0.0031191963175786304
exposing,9,3,0.002079484932981046,0.0031191963175786304
suffers,9,3,0.002079484932981046,0.0031191963175786304
deep,9,3,0.002079484932981046,0.0031191963175786304
aunt,9,3,0.002079484932981046,0.0031191963175786304
associated,9,3,0.002079484932981046,0.0031191963175786304
fixed,9,3,0.002079484932981046,0.0031191963175786304
learning,9,3,0.002079484932981046,0.0031191963175786304
curl,9,3,0.002079484932981046,0.0031191963175786304
blading,9,3,0.002079484932981046,0.0031191963175786304
establish,9,3,0.002079484932981046,0.0031191963175786304
detached,9,3,0.002079484932981046,0.0031191963175786304
sfst,9,3,0.002079484932981046,0.0031191963175786304
wedge,9,3,0.002079484932981046,0.0031191963175786304
shined,9,3,0.002079484932981046,0.0031191963175786304
perspective,9,3,0.002079484932981046,0.0031191963175786304
owned,9,3,0.002079484932981046,0.0031191963175786304
tested,9,3,0.002079484932981046,0.0031191963175786304
filled,9,3,0.002079484932981046,0.0031191963175786304
tuck,9,3,0.002079484932981046,0.0031191963175786304
needing,9,3,0.002079484932981046,0.0031191963175786304
arms,1554,519,0.00015132565998055014,0.0029796855299565237
reportedly,6,2,0.0020794710726761423,0.0025468046363568806
tighten,6,2,0.0020794710726761423,0.0025468046363568806
heightened,6,2,0.0020794710726761423,0.0025468046363568806
sprinted,6,2,0.0020794710726761423,0.0025468046363568806
seeking,6,2,0.0020794710726761423,0.0025468046363568806
personally,6,2,0.0020794710726761423,0.0025468046363568806
sweaty,6,2,0.0020794710726761423,0.0025468046363568806
loading,6,2,0.0020794710726761423,0.0025468046363568806
stoop,6,2,0.0020794710726761423,0.0025468046363568806
core,6,2,0.0020794710726761423,0.0025468046363568806
coupled,6,2,0.0020794710726761423,0.0025468046363568806
concludes,6,2,0.0020794710726761423,0.0025468046363568806
ward,6,2,0.0020794710726761423,0.0025468046363568806
paranoid,6,2,0.0020794710726761423,0.0025468046363568806
puffed,6,2,0.0020794710726761423,0.0025468046363568806
expandable,6,2,0.0020794710726761423,0.0025468046363568806
approval,6,2,0.0020794710726761423,0.0025468046363568806
retrieval,6,2,0.0020794710726761423,0.0025468046363568806
deadweight,6,2,0.0020794710726761423,0.0025468046363568806
yanked,6,2,0.0020794710726761423,0.0025468046363568806
conversing,6,2,0.0020794710726761423,0.0025468046363568806
grill,6,2,0.0020794710726761423,0.0025468046363568806
seating,6,2,0.0020794710726761423,0.0025468046363568806
westside,6,2,0.0020794710726761423,0.0025468046363568806
wish,6,2,0.0020794710726761423,0.0025468046363568806
fifth,6,2,0.0020794710726761423,0.0025468046363568806
functioning,6,2,0.0020794710726761423,0.0025468046363568806
handing,6,2,0.0020794710726761423,0.0025468046363568806
lengthy,6,2,0.0020794710726761423,0.0025468046363568806
won,6,2,0.0020794710726761423,0.0025468046363568806
washing,6,2,0.0020794710726761423,0.0025468046363568806
dominant,6,2,0.0020794710726761423,0.0025468046363568806
outnumbered,6,2,0.0020794710726761423,0.0025468046363568806
shaughnessy,6,2,0.0020794710726761423,0.0025468046363568806
aggression,6,2,0.0020794710726761423,0.0025468046363568806
crouching,6,2,0.0020794710726761423,0.0025468046363568806
seriously,6,2,0.0020794710726761423,0.0025468046363568806
really,6,2,0.0020794710726761423,0.0025468046363568806
spoken,6,2,0.0020794710726761423,0.0025468046363568806
prepared,6,2,0.0020794710726761423,0.0025468046363568806
rub,6,2,0.0020794710726761423,0.0025468046363568806
puncture,6,2,0.0020794710726761423,0.0025468046363568806
attempted,2443,816,3.5061827156290803e-05,0.0008648010319998895
refusing,437,146,-0.00020647244582061575,-0.002158906364204543
fludd,0,5,-19.0061478580745,-0.005487352234713875
remote,0,5,-19.0061478580745,-0.005487352234713875
papers,0,5,-19.0061478580745,-0.005487352234713875
coherent,0,5,-19.0061478580745,-0.005487352234713875
syrup,0,5,-19.0061478580745,-0.005487352234713875
foam,0,5,-19.0061478580745,-0.005487352234713875
tent,0,5,-19.0061478580745,-0.005487352234713875
lodadio,0,6,-19.006154516418235,-0.006011095305698866
marshal,0,6,-19.006154516418235,-0.006011095305698866
roommate,0,7,-19.0061611748063,-0.0064927272728580515
wanted,359,120,-0.0007027607085090537,-0.006661990994240937
huffing,0,8,-19.006167833238706,-0.006941019849018408
gunner,0,12,-19.006194467411685,-0.008500990375102354
railroad,0,13,-19.006201126065775,-0.008848114412677506
lallier,0,14,-19.006207784764197,-0.009182125483886902
gorge,0,15,-19.00621444350696,-0.009504406166810905
spanish,0,17,-19.0062277611255,-0.010118220113605265
louth,0,26,-19.006287692603863,-0.012513180396686061
handed,110,37,-0.006972103258775064,-0.0366816575862724
follow,86,29,-0.009483200810317172,-0.04415830870456849
issue,77,26,-0.010825824721509392,-0.04772401085724254
repeatedly,241,81,-0.006188393154185512,-0.04817082065858753
long,59,20,-0.014729621083109379,-0.05692332158942607
bend,56,19,-0.015622093665815129,-0.05883720959125021
chased,56,19,-0.015622093665815129,-0.05883720959125021
happened,56,19,-0.015622093665815129,-0.05883720959125021
assaultive,50,17,-0.01772517144411445,-0.06313032828090559
movements,47,16,-0.018975967125433257,-0.06555707276222116
mid,44,15,-0.020395427549999567,-0.06821143892331304
aggressive,288,97,-0.008288674093130943,-0.07058246587573969
contacted,41,14,-0.022020137036054876,-0.0711335528964873
roll,273,92,-0.008855026722311976,-0.07343209781587973
ticket,38,13,-0.023898085605450703,-0.07437428913494824
obtain,38,13,-0.023898085605450703,-0.07437428913494824
balance,124,42,-0.013924764043951043,-0.07798458785946343
completing,35,12,-0.026093489896796385,-0.07799929189914401
positioning,32,11,-0.028694285302799827,-0.08209500594873045
question,32,11,-0.028694285302799827,-0.08209500594873045
treatment,225,76,-0.011171404105640548,-0.08418078702945625
pacing,29,10,-0.03182419198914843,-0.08677802280990105
adjacent,26,9,-0.0356629819357277,-0.09221013897559639
answered,23,8,-0.04048228195882686,-0.09862377308440881
union,23,8,-0.04048228195882686,-0.09862377308440881
hurt,76,26,-0.02390012993861923,-0.10518560051245275
secreted,20,7,-0.04671284522190966,-0.10636738117593296
escalate,20,7,-0.04671284522190966,-0.10636738117593296
open,486,164,-0.010201731506309208,-0.11290694331671551
noticed,233,79,-0.01495004837097369,-0.11480029411519707
committed,17,6,-0.05508110829266499,-0.115992603361976
preparing,17,6,-0.05508110829266499,-0.115992603361976
bone,17,6,-0.05508110829266499,-0.115992603361976
releasing,17,6,-0.05508110829266499,-0.115992603361976
cops,17,6,-0.05508110829266499,-0.115992603361976
subject,9261,3101,-0.0024969408581934083,-0.11910121952425473
duty,129,44,-0.020916137490894826,-0.11978883812351733
freed,14,5,-0.06691557915993229,-0.1284376545655972
commercial,14,5,-0.06691557915993229,-0.1284376545655972
standard,14,5,-0.06691557915993229,-0.1284376545655972
portable,14,5,-0.06691557915993229,-0.1284376545655972
stumble,14,5,-0.06691557915993229,-0.1284376545655972
underwear,14,5,-0.06691557915993229,-0.1284376545655972
stole,14,5,-0.06691557915993229,-0.1284376545655972
disorderly,108,37,-0.025325689973664467,-0.1329342461831784
resisted,99,34,-0.02777972026753517,-0.13973664030198568
stuck,43,15,-0.04338716873287396,-0.14467907824857076
round,43,15,-0.04338716873287396,-0.14467907824857076
path,43,15,-0.04338716873287396,-0.14467907824857076
squeezed,11,4,-0.08493409756663084,-0.14546454037658085
bracing,11,4,-0.08493409756663084,-0.14546454037658085
relaxed,11,4,-0.08493409756663084,-0.14546454037658085
events,11,4,-0.08493409756663084,-0.14546454037658085
formed,11,4,-0.08493409756663084,-0.14546454037658085
booked,11,4,-0.08493409756663084,-0.14546454037658085
majority,11,4,-0.08493409756663084,-0.14546454037658085
doesn,11,4,-0.08493409756663084,-0.14546454037658085
scratches,11,4,-0.08493409756663084,-0.14546454037658085
grassy,11,4,-0.08493409756663084,-0.14546454037658085
scrape,11,4,-0.08493409756663084,-0.14546454037658085
uncuffed,11,4,-0.08493409756663084,-0.14546454037658085
ensure,40,14,-0.046714972480231154,-0.15042957900163179
sure,40,14,-0.046714972480231154,-0.15042957900163179
physically,146,50,-0.02495743320157473,-0.1522865250009319
previously,37,13,-0.05056855542314764,-0.1568373660041606
signed,34,12,-0.055083249369907605,-0.16404145817104948
mentioned,34,12,-0.055083249369907605,-0.16404145817104948
sweatshirt,72,25,-0.0387488754322689,-0.16690667534682277
double,184,63,-0.024742063634086264,-0.16946347389961933
impossible,8,3,-0.11570576850032133,-0.17090709501172563
pillar,8,3,-0.11570576850032133,-0.17090709501172563
demanding,8,3,-0.11570576850032133,-0.17090709501172563
adjusting,8,3,-0.11570576850032133,-0.17090709501172563
shutting,8,3,-0.11570576850032133,-0.17090709501172563
occur,8,3,-0.11570576850032133,-0.17090709501172563
weeks,8,3,-0.11570576850032133,-0.17090709501172563
hesitant,8,3,-0.11570576850032133,-0.17090709501172563
gunshot,8,3,-0.11570576850032133,-0.17090709501172563
writing,8,3,-0.11570576850032133,-0.17090709501172563
remainder,8,3,-0.11570576850032133,-0.17090709501172563
unaware,8,3,-0.11570576850032133,-0.17090709501172563
meant,8,3,-0.11570576850032133,-0.17090709501172563
aside,8,3,-0.11570576850032133,-0.17090709501172563
workers,8,3,-0.11570576850032133,-0.17090709501172563
simply,8,3,-0.11570576850032133,-0.17090709501172563
admit,8,3,-0.11570576850032133,-0.17090709501172563
towel,8,3,-0.11570576850032133,-0.17090709501172563
dancing,8,3,-0.11570576850032133,-0.17090709501172563
relocate,8,3,-0.11570576850032133,-0.17090709501172563
filed,8,3,-0.11570576850032133,-0.17090709501172563
effect,119,41,-0.030989747027017955,-0.17110576355834992
flagged,31,11,-0.06044520605935233,-0.17222601713136937
flashlight,31,11,-0.06044520605935233,-0.17222601713136937
power,31,11,-0.06044520605935233,-0.17222601713136937
watching,31,11,-0.06044520605935233,-0.17222601713136937
secure,329,112,-0.018987990649642406,-0.17350239394497324
doorway,113,39,-0.032715028373921484,-0.17613315597444892
mother,317,108,-0.019776378428469243,-0.1774346341091764
date,926,313,-0.011886425148659896,-0.18161078166819292
businesses,28,10,-0.06691773405554535,-0.1816411502036761
remove,228,78,-0.02390831077026423,-0.18221779799236337
central,60,21,-0.046717099932340744,-0.18424200259088858
service,60,21,-0.046717099932340744,-0.18424200259088858
later,548,186,-0.01602391720385299,-0.18871196010865196
basement,57,20,-0.04922024383585999,-0.18937483984447856
clenched,98,34,-0.037934315656682926,-0.1905676178105162
stabbed,25,9,-0.07488591711853765,-0.1926367758306362
violence,25,9,-0.07488591711853765,-0.1926367758306362
commanding,25,9,-0.07488591711853765,-0.1926367758306362
avoid,198,68,-0.027785925148183566,-0.19763936927922512
rolling,89,31,-0.041892145670770375,-0.20085076715196387
obtained,51,18,-0.0550853906136517,-0.20091278707757979
confrontational,22,8,-0.08493626628006012,-0.20572049860548322
proned,22,8,-0.08493626628006012,-0.20572049860548322
dragged,22,8,-0.08493626628006012,-0.20572049860548322
locating,22,8,-0.08493626628006012,-0.20572049860548322
location,1478,499,-0.010729295711023212,-0.20688770219634914
addressed,48,17,-0.058551612224816196,-0.20744504044477388
lunged,48,17,-0.058551612224816196,-0.20744504044477388
people,384,131,-0.02110583061551008,-0.20850267492714913
tased,83,29,-0.04499656055325474,-0.20857723677541318
shoulders,180,62,-0.030722867358822903,-0.20859178925062427
flailing,127,44,-0.03654590378638112,-0.20888431253828924
trespass,45,16,-0.062465525157291424,-0.21459468991247627
pitbull,5,2,-0.18024430028804161,-0.21543178279417993
employed,5,2,-0.18024430028804161,-0.21543178279417993
outburst,5,2,-0.18024430028804161,-0.21543178279417993
weed,5,2,-0.18024430028804161,-0.21543178279417993
uses,5,2,-0.18024430028804161,-0.21543178279417993
inserted,5,2,-0.18024430028804161,-0.21543178279417993
refrigerator,5,2,-0.18024430028804161,-0.21543178279417993
regular,5,2,-0.18024430028804161,-0.21543178279417993
hancuffed,5,2,-0.18024430028804161,-0.21543178279417993
sprain,5,2,-0.18024430028804161,-0.21543178279417993
rude,5,2,-0.18024430028804161,-0.21543178279417993
tired,5,2,-0.18024430028804161,-0.21543178279417993
degrees,5,2,-0.18024430028804161,-0.21543178279417993
handled,5,2,-0.18024430028804161,-0.21543178279417993
thrusting,5,2,-0.18024430028804161,-0.21543178279417993
proceed,5,2,-0.18024430028804161,-0.21543178279417993
tend,5,2,-0.18024430028804161,-0.21543178279417993
folded,5,2,-0.18024430028804161,-0.21543178279417993
women,5,2,-0.18024430028804161,-0.21543178279417993
unwilling,5,2,-0.18024430028804161,-0.21543178279417993
flag,5,2,-0.18024430028804161,-0.21543178279417993
data,5,2,-0.18024430028804161,-0.21543178279417993
barricaded,5,2,-0.18024430028804161,-0.21543178279417993
positively,5,2,-0.18024430028804161,-0.21543178279417993
deployments,5,2,-0.18024430028804161,-0.21543178279417993
mumbling,5,2,-0.18024430028804161,-0.21543178279417993
stretched,5,2,-0.18024430028804161,-0.21543178279417993
annoyance,5,2,-0.18024430028804161,-0.21543178279417993
personel,5,2,-0.18024430028804161,-0.21543178279417993
role,5,2,-0.18024430028804161,-0.21543178279417993
resting,5,2,-0.18024430028804161,-0.21543178279417993
tripping,5,2,-0.18024430028804161,-0.21543178279417993
tasing,5,2,-0.18024430028804161,-0.21543178279417993
coordinated,5,2,-0.18024430028804161,-0.21543178279417993
diagonally,5,2,-0.18024430028804161,-0.21543178279417993
periodically,5,2,-0.18024430028804161,-0.21543178279417993
encroach,5,2,-0.18024430028804161,-0.21543178279417993
pink,5,2,-0.18024430028804161,-0.21543178279417993
stature,5,2,-0.18024430028804161,-0.21543178279417993
protective,5,2,-0.18024430028804161,-0.21543178279417993
ends,5,2,-0.18024430028804161,-0.21543178279417993
supported,5,2,-0.18024430028804161,-0.21543178279417993
scattered,5,2,-0.18024430028804161,-0.21543178279417993
pigs,5,2,-0.18024430028804161,-0.21543178279417993
dad,5,2,-0.18024430028804161,-0.21543178279417993
eastern,5,2,-0.18024430028804161,-0.21543178279417993
regard,5,2,-0.18024430028804161,-0.21543178279417993
tags,5,2,-0.18024430028804161,-0.21543178279417993
destroyed,5,2,-0.18024430028804161,-0.21543178279417993
obeyed,5,2,-0.18024430028804161,-0.21543178279417993
attemted,5,2,-0.18024430028804161,-0.21543178279417993
affixed,5,2,-0.18024430028804161,-0.21543178279417993
buried,5,2,-0.18024430028804161,-0.21543178279417993
onlookers,5,2,-0.18024430028804161,-0.21543178279417993
causes,5,2,-0.18024430028804161,-0.21543178279417993
transported,1480,500,-0.011381250760667427,-0.21966012919182912
gate,19,7,-0.09800836100379584,-0.2216625973566165
hypoglossal,19,7,-0.09800836100379584,-0.2216625973566165
ongoing,19,7,-0.09800836100379584,-0.2216625973566165
lack,19,7,-0.09800836100379584,-0.2216625973566165
kept,416,142,-0.021694932094201924,-0.22311448542528486
complete,156,54,-0.03567348250290525,-0.22590074767200594
pushed,552,188,-0.01945087276320212,-0.2301977424592495
ceased,39,14,-0.0720350033060786,-0.231196954005242
manner,147,51,-0.03793853035307837,-0.23340955717697318
ear,65,23,-0.057648366554511554,-0.2375929277509581
force,445,152,-0.02236146220658064,-0.2379009687008801
mandibular,36,13,-0.07796975233328496,-0.24095316236677788
channel,36,13,-0.07796975233328496,-0.24095316236677788
ramp,16,6,-0.11570795103101439,-0.24170134872830645
repeating,16,6,-0.11570795103101439,-0.24170134872830645
wake,16,6,-0.11570795103101439,-0.24170134872830645
debris,16,6,-0.11570795103101439,-0.24170134872830645
checked,176,61,-0.03693744064559734,-0.24855728854093495
verbally,341,117,-0.026844935367274836,-0.2504561367230584
nearly,33,12,-0.0849384351043092,-0.2519582767005955
center,276,95,-0.030027580292486533,-0.25235585454143056
compliance,167,58,-0.038996810829917905,-0.25581560395775316
telling,261,90,-0.03184088603471569,-0.26040180599036994
fists,161,56,-0.040494965903269176,-0.2609744457135149
went,752,256,-0.019006054532792582,-0.26243511909582834
flight,30,11,-0.09323725130704119,-0.2645081086561705
retreat,13,5,-0.14102577157476937,-0.2679859072714715
fresh,13,5,-0.14102577157476937,-0.2679859072714715
girl,13,5,-0.14102577157476937,-0.2679859072714715
belts,13,5,-0.14102577157476937,-0.2679859072714715
confronted,13,5,-0.14102577157476937,-0.2679859072714715
returning,13,5,-0.14102577157476937,-0.2679859072714715
shoe,13,5,-0.14102577157476937,-0.2679859072714715
distractionary,79,28,-0.05930023349573865,-0.26959833856215426
controlled,108,38,-0.052000595383598025,-0.2756648250898964
short,187,65,-0.039828394240246645,-0.27655210602534885
drawn,27,10,-0.10328760046139074,-0.2790070289202817
separated,27,10,-0.10328760046139074,-0.2790070289202817
tensing,105,37,-0.05350323896587028,-0.2798199343534085
hear,178,62,-0.04190061709923043,-0.2840743023205887
realized,67,24,-0.06990484134710151,-0.29382957573202967
disturbance,24,9,-0.11571013364413751,-0.2960252026671342
climbed,24,9,-0.11571013364413751,-0.2960252026671342
executed,24,9,-0.11571013364413751,-0.2960252026671342
assited,24,9,-0.11571013364413751,-0.2960252026671342
shoulder,1097,373,-0.017820669552785162,-0.296951524086711
sprayed,351,121,-0.031562196253444696,-0.29927390762591544
deposed,41,15,-0.09101966360429614,-0.30161823842804825
press,41,15,-0.09101966360429614,-0.30161823842804825
event,41,15,-0.09101966360429614,-0.30161823842804825
sedan,10,4,-0.18024649663544423,-0.3046683285097719
apparently,10,4,-0.18024649663544423,-0.3046683285097719
patted,10,4,-0.18024649663544423,-0.3046683285097719
distracted,10,4,-0.18024649663544423,-0.3046683285097719
homes,10,4,-0.18024649663544423,-0.3046683285097719
displaying,10,4,-0.18024649663544423,-0.3046683285097719
concurrently,10,4,-0.18024649663544423,-0.3046683285097719
avoided,10,4,-0.18024649663544423,-0.3046683285097719
device,10,4,-0.18024649663544423,-0.3046683285097719
swallowed,10,4,-0.18024649663544423,-0.3046683285097719
closed,327,113,-0.033985631431868946,-0.31132936171008707
abusive,38,14,-0.0980127125380772,-0.3134850475585388
efforts,38,14,-0.0980127125380772,-0.3134850475585388
laying,271,94,-0.037731979792627435,-0.3151208173556654
forcefully,21,8,-0.13145850363530265,-0.3163975877407596
happening,21,8,-0.13145850363530265,-0.3163975877407596
demeanor,21,8,-0.13145850363530265,-0.3163975877407596
lead,21,8,-0.13145850363530265,-0.3163975877407596
adhere,21,8,-0.13145850363530265,-0.3163975877407596
best,21,8,-0.13145850363530265,-0.3163975877407596
unsure,21,8,-0.13145850363530265,-0.3163975877407596
uniformed,55,20,-0.0849427730853094,-0.32528487307923754
beginning,35,13,-0.10614285200776052,-0.32678157379889605
properly,52,19,-0.08973895888953543,-0.3347368270339211
counter,52,19,-0.08973895888953543,-0.3347368270339211
administered,162,57,-0.05200700795908464,-0.33763963302229616
medically,18,7,-0.15207780362933399,-0.3414061889085053
letting,18,7,-0.15207780362933399,-0.3414061889085053
profanity,18,7,-0.15207780362933399,-0.3414061889085053
minutes,156,55,-0.054029280705363725,-0.34447140061260645
complained,95,34,-0.06903157446503627,-0.3453869291893969
entered,217,76,-0.04739225144884873,-0.35546890559059124
operator,46,17,-0.1011156728637328,-0.3562276674364873
twice,66,24,-0.0849449422420765,-0.35633618202165906
keeping,115,41,-0.06519000821077547,-0.3583449548142917
picking,29,11,-0.12714102538887673,-0.35903408827850203
ripped,29,11,-0.12714102538887673,-0.35903408827850203
reviewing,7,3,-0.24923937869835022,-0.3611788135150439
bra,7,3,-0.24923937869835022,-0.3611788135150439
listened,7,3,-0.24923937869835022,-0.3611788135150439
woke,7,3,-0.24923937869835022,-0.3611788135150439
purpose,7,3,-0.24923937869835022,-0.3611788135150439
backside,7,3,-0.24923937869835022,-0.3611788135150439
abandoned,7,3,-0.24923937869835022,-0.3611788135150439
extreme,7,3,-0.24923937869835022,-0.3611788135150439
slurs,7,3,-0.24923937869835022,-0.3611788135150439
considering,7,3,-0.24923937869835022,-0.3611788135150439
metallic,7,3,-0.24923937869835022,-0.3611788135150439
fluids,7,3,-0.24923937869835022,-0.3611788135150439
duties,7,3,-0.24923937869835022,-0.3611788135150439
moderate,7,3,-0.24923937869835022,-0.3611788135150439
estimated,7,3,-0.24923937869835022,-0.3611788135150439
mini,7,3,-0.24923937869835022,-0.3611788135150439
immobilize,7,3,-0.24923937869835022,-0.3611788135150439
impaired,7,3,-0.24923937869835022,-0.3611788135150439
biceps,7,3,-0.24923937869835022,-0.3611788135150439
slumped,7,3,-0.24923937869835022,-0.3611788135150439
reposition,7,3,-0.24923937869835022,-0.3611788135150439
awaited,7,3,-0.24923937869835022,-0.3611788135150439
unbuckle,7,3,-0.24923937869835022,-0.3611788135150439
smoked,7,3,-0.24923937869835022,-0.3611788135150439
pinky,7,3,-0.24923937869835022,-0.3611788135150439
connect,7,3,-0.24923937869835022,-0.3611788135150439
swept,7,3,-0.24923937869835022,-0.3611788135150439
docked,7,3,-0.24923937869835022,-0.3611788135150439
broke,112,40,-0.06693066634543854,-0.3633168325191417
occurred,141,50,-0.05981528614506004,-0.36334473236423326
longer,86,31,-0.07618789059185893,-0.3636462802877864
safety,205,72,-0.05021245927066609,-0.366447701216688
cuffs,205,72,-0.05021245927066609,-0.366447701216688
style,15,6,-0.18024869303652125,-0.3731431523089521
playing,15,6,-0.18024869303652125,-0.3731431523089521
failing,15,6,-0.18024869303652125,-0.3731431523089521
bloody,15,6,-0.18024869303652125,-0.3731431523089521
processed,15,6,-0.18024869303652125,-0.3731431523089521
afraid,15,6,-0.18024869303652125,-0.3731431523089521
established,15,6,-0.18024869303652125,-0.3731431523089521
switched,26,10,-0.14103015065729707,-0.37899499450588725
dispersal,26,10,-0.14103015065729707,-0.37899499450588725
claimed,26,10,-0.14103015065729707,-0.37899499450588725
loudly,57,21,-0.09801706445909808,-0.3839475282919367
continue,126,45,-0.0669328222132517,-0.38536179947785404
ask,54,20,-0.10329413506386231,-0.3945876984448744
vehicular,37,14,-0.1246831824355148,-0.3973453096489381
fearing,37,14,-0.1246831824355148,-0.3973453096489381
appearing,23,9,-0.15827197004158577,-0.4025332183753324
figure,34,13,-0.13513261157372902,-0.41438521115947946
captain,34,13,-0.13513261157372902,-0.41438521115947946
reporting,34,13,-0.13513261157372902,-0.41438521115947946
defensive,12,5,-0.22107069942814128,-0.4153130259545302
lunging,12,5,-0.22107069942814128,-0.4153130259545302
warn,12,5,-0.22107069942814128,-0.4153130259545302
spent,12,5,-0.22107069942814128,-0.4153130259545302
reckless,12,5,-0.22107069942814128,-0.4153130259545302
sidewalks,12,5,-0.22107069942814128,-0.4153130259545302
injuring,12,5,-0.22107069942814128,-0.4153130259545302
penetrated,12,5,-0.22107069942814128,-0.4153130259545302
tone,12,5,-0.22107069942814128,-0.4153130259545302
escalating,12,5,-0.22107069942814128,-0.4153130259545302
spitsock,12,5,-0.22107069942814128,-0.4153130259545302
launched,12,5,-0.22107069942814128,-0.4153130259545302
staying,12,5,-0.22107069942814128,-0.4153130259545302
located,420,146,-0.03992279793368425,-0.4153409797377659
faced,48,18,-0.11571668197813523,-0.41865437753140705
lived,20,8,-0.1802508894912691,-0.4308711155671994
streets,20,8,-0.1802508894912691,-0.4308711155671994
resulted,20,8,-0.1802508894912691,-0.4308711155671994
spread,20,8,-0.1802508894912691,-0.4308711155671994
clavicle,20,8,-0.1802508894912691,-0.4308711155671994
type,31,12,-0.14746323720573784,-0.4337148878589589
shit,31,12,-0.14746323720573784,-0.4337148878589589
occupants,59,22,-0.11005311391334516,-0.4405206524266449
altercation,76,28,-0.09802141676691178,-0.4433540300221742
bang,42,16,-0.1314650657002776,-0.4474645822538839
technique,792,273,-0.031499611614767886,-0.4484173411983901
attempting,1140,391,-0.026525009796372068,-0.45200840726532526
breath,73,27,-0.10192768527969776,-0.45247799835784186
repositioned,28,11,-0.16223456758629773,-0.4559017176642561
opportunity,28,11,-0.16223456758629773,-0.4559017176642561
initially,159,57,-0.0707058143252901,-0.4579133585576773
alcohol,70,26,-0.10615156992579067,-0.4621574323368701
eye,240,85,-0.05857737459138779,-0.4639617945126799
ignore,39,15,-0.14103453001224153,-0.4641791448148055
choked,4,2,-0.4033900656083613,-0.46579197747947954
containers,4,2,-0.4033900656083613,-0.46579197747947954
kid,4,2,-0.4033900656083613,-0.46579197747947954
initally,4,2,-0.4033900656083613,-0.46579197747947954
chances,4,2,-0.4033900656083613,-0.46579197747947954
depression,4,2,-0.4033900656083613,-0.46579197747947954
pot,4,2,-0.4033900656083613,-0.46579197747947954
grunting,4,2,-0.4033900656083613,-0.46579197747947954
steel,4,2,-0.4033900656083613,-0.46579197747947954
baggy,4,2,-0.4033900656083613,-0.46579197747947954
divider,4,2,-0.4033900656083613,-0.46579197747947954
combatant,4,2,-0.4033900656083613,-0.46579197747947954
barely,4,2,-0.4033900656083613,-0.46579197747947954
bruised,4,2,-0.4033900656083613,-0.46579197747947954
worth,4,2,-0.4033900656083613,-0.46579197747947954
safekeeping,4,2,-0.4033900656083613,-0.46579197747947954
maybe,4,2,-0.4033900656083613,-0.46579197747947954
expanded,4,2,-0.4033900656083613,-0.46579197747947954
mandatory,4,2,-0.4033900656083613,-0.46579197747947954
breast,4,2,-0.4033900656083613,-0.46579197747947954
boarded,4,2,-0.4033900656083613,-0.46579197747947954
retained,4,2,-0.4033900656083613,-0.46579197747947954
interlocked,4,2,-0.4033900656083613,-0.46579197747947954
train,4,2,-0.4033900656083613,-0.46579197747947954
paying,4,2,-0.4033900656083613,-0.46579197747947954
urinated,4,2,-0.4033900656083613,-0.46579197747947954
basketball,4,2,-0.4033900656083613,-0.46579197747947954
signaled,4,2,-0.4033900656083613,-0.46579197747947954
achieve,4,2,-0.4033900656083613,-0.46579197747947954
defendants,4,2,-0.4033900656083613,-0.46579197747947954
accompany,4,2,-0.4033900656083613,-0.46579197747947954
responsive,4,2,-0.4033900656083613,-0.46579197747947954
entirety,4,2,-0.4033900656083613,-0.46579197747947954
recovering,4,2,-0.4033900656083613,-0.46579197747947954
true,4,2,-0.4033900656083613,-0.46579197747947954
viewed,4,2,-0.4033900656083613,-0.46579197747947954
buckling,4,2,-0.4033900656083613,-0.46579197747947954
butcher,4,2,-0.4033900656083613,-0.46579197747947954
row,4,2,-0.4033900656083613,-0.46579197747947954
triceps,4,2,-0.4033900656083613,-0.46579197747947954
bounced,4,2,-0.4033900656083613,-0.46579197747947954
homicidal,4,2,-0.4033900656083613,-0.46579197747947954
died,4,2,-0.4033900656083613,-0.46579197747947954
spilled,4,2,-0.4033900656083613,-0.46579197747947954
insulting,4,2,-0.4033900656083613,-0.46579197747947954
grocery,4,2,-0.4033900656083613,-0.46579197747947954
hancuffs,4,2,-0.4033900656083613,-0.46579197747947954
escalation,4,2,-0.4033900656083613,-0.46579197747947954
insisted,4,2,-0.4033900656083613,-0.46579197747947954
jerk,4,2,-0.4033900656083613,-0.46579197747947954
alarmed,4,2,-0.4033900656083613,-0.46579197747947954
contamination,4,2,-0.4033900656083613,-0.46579197747947954
stone,4,2,-0.4033900656083613,-0.46579197747947954
pack,4,2,-0.4033900656083613,-0.46579197747947954
sharps,4,2,-0.4033900656083613,-0.46579197747947954
clock,4,2,-0.4033900656083613,-0.46579197747947954
receptive,4,2,-0.4033900656083613,-0.46579197747947954
insisting,4,2,-0.4033900656083613,-0.46579197747947954
boys,4,2,-0.4033900656083613,-0.46579197747947954
sized,4,2,-0.4033900656083613,-0.46579197747947954
assessment,4,2,-0.4033900656083613,-0.46579197747947954
tearing,4,2,-0.4033900656083613,-0.46579197747947954
deeper,4,2,-0.4033900656083613,-0.46579197747947954
disobeying,4,2,-0.4033900656083613,-0.46579197747947954
adds,4,2,-0.4033900656083613,-0.46579197747947954
manuever,4,2,-0.4033900656083613,-0.46579197747947954
join,4,2,-0.4033900656083613,-0.46579197747947954
respectively,4,2,-0.4033900656083613,-0.46579197747947954
stove,4,2,-0.4033900656083613,-0.46579197747947954
flashing,4,2,-0.4033900656083613,-0.46579197747947954
future,4,2,-0.4033900656083613,-0.46579197747947954
squeeze,4,2,-0.4033900656083613,-0.46579197747947954
wanna,4,2,-0.4033900656083613,-0.46579197747947954
value,4,2,-0.4033900656083613,-0.46579197747947954
cruiser,4,2,-0.4033900656083613,-0.46579197747947954
places,4,2,-0.4033900656083613,-0.46579197747947954
brace,17,7,-0.20923843877945814,-0.46590758149220507
footing,17,7,-0.20923843877945814,-0.46590758149220507
teeth,17,7,-0.20923843877945814,-0.46590758149220507
wanting,17,7,-0.20923843877945814,-0.46590758149220507
outward,17,7,-0.20923843877945814,-0.46590758149220507
tan,17,7,-0.20923843877945814,-0.46590758149220507
dept,17,7,-0.20923843877945814,-0.46590758149220507
ability,17,7,-0.20923843877945814,-0.46590758149220507
number,67,25,-0.11073349294309232,-0.47245166548447715
cooperate,67,25,-0.11073349294309232,-0.47245166548447715
pussy,9,4,-0.28560923141809624,-0.4752766556161754
referring,9,4,-0.28560923141809624,-0.4752766556161754
lasted,9,4,-0.28560923141809624,-0.4752766556161754
emitting,9,4,-0.28560923141809624,-0.4752766556161754
motions,9,4,-0.28560923141809624,-0.4752766556161754
cooperating,9,4,-0.28560923141809624,-0.4752766556161754
tasked,9,4,-0.28560923141809624,-0.4752766556161754
transitioning,9,4,-0.28560923141809624,-0.4752766556161754
reiterated,9,4,-0.28560923141809624,-0.4752766556161754
cab,9,4,-0.28560923141809624,-0.4752766556161754
immediatley,9,4,-0.28560923141809624,-0.4752766556161754
malfunction,9,4,-0.28560923141809624,-0.4752766556161754
stitches,9,4,-0.28560923141809624,-0.4752766556161754
boots,9,4,-0.28560923141809624,-0.4752766556161754
boot,9,4,-0.28560923141809624,-0.4752766556161754
gently,9,4,-0.28560923141809624,-0.4752766556161754
unconscious,9,4,-0.28560923141809624,-0.4752766556161754
fearful,9,4,-0.28560923141809624,-0.4752766556161754
horizontally,9,4,-0.28560923141809624,-0.4752766556161754
doubled,9,4,-0.28560923141809624,-0.4752766556161754
actually,25,10,-0.18025308599969492,-0.4817313657838909
strike,470,164,-0.04371328053824186,-0.4817314722490729
air,118,43,-0.08707220619008993,-0.48874357364469856
followed,265,94,-0.06013432536866681,-0.5007583782394323
angle,75,28,-0.11126886719971552,-0.5023719536576876
momentarily,33,13,-0.16498779740014058,-0.5038294824672045
employees,33,13,-0.16498779740014058,-0.5038294824672045
pinned,58,22,-0.12714977068365307,-0.5077678162225511
gap,14,6,-0.24924378532691982,-0.5107882434645088
think,14,6,-0.24924378532691982,-0.5107882434645088
appears,14,6,-0.24924378532691982,-0.5107882434645088
pile,14,6,-0.24924378532691982,-0.5107882434645088
flailed,14,6,-0.24924378532691982,-0.5107882434645088
spot,14,6,-0.24924378532691982,-0.5107882434645088
prong,14,6,-0.24924378532691982,-0.5107882434645088
leverage,22,9,-0.20272595456141573,-0.5123288275351653
noise,22,9,-0.20272595456141573,-0.5123288275351653
fellow,22,9,-0.20272595456141573,-0.5123288275351653
vest,22,9,-0.20272595456141573,-0.5123288275351653
eyewash,189,68,-0.07432596280058412,-0.5254880923432741
beneath,30,12,-0.18025528256179868,-0.5277133538225214
reports,30,12,-0.18025528256179868,-0.5277133538225214
deadly,30,12,-0.18025528256179868,-0.5277133538225214
threaten,30,12,-0.18025528256179868,-0.5277133538225214
grasped,41,16,-0.15556484027435324,-0.5277202403888273
forcing,41,16,-0.15556484027435324,-0.5277202403888273
observe,140,51,-0.08674426482116537,-0.5302749263504217
controlling,83,31,-0.11170125043204848,-0.5306179987958906
laid,83,31,-0.11170125043204848,-0.5306179987958906
continuously,52,20,-0.14103890963962584,-0.5359959559039632
continuing,157,57,-0.08336866007281696,-0.5390170840539652
throw,97,36,-0.1053647699003939,-0.5398288433977354
like,134,49,-0.09054158002142998,-0.5422552449634113
building,226,81,-0.07048370104494861,-0.5441281766194015
placed,3157,1075,-0.019368601297719223,-0.5465309070747972
replied,94,35,-0.10861010270453164,-0.5484337006050194
say,94,35,-0.10861010270453164,-0.5484337006050194
folding,19,8,-0.23154640552698247,-0.5493727417979282
conditions,19,8,-0.23154640552698247,-0.5493727417979282
stumbled,27,11,-0.19860443412164663,-0.5552138640592771
walk,692,241,-0.04180952743474542,-0.5585357650504997
sgt,1280,441,-0.03105214086087038,-0.5615544442542539
muscles,35,14,-0.18025747917758217,-0.5699988976619259
played,6,3,-0.4033922757964685,-0.5704777721727977
butting,6,3,-0.4033922757964685,-0.5704777721727977
attach,6,3,-0.4033922757964685,-0.5704777721727977
hygeine,6,3,-0.4033922757964685,-0.5704777721727977
message,6,3,-0.4033922757964685,-0.5704777721727977
resecured,6,3,-0.4033922757964685,-0.5704777721727977
seperated,6,3,-0.4033922757964685,-0.5704777721727977
factors,6,3,-0.4033922757964685,-0.5704777721727977
surface,6,3,-0.4033922757964685,-0.5704777721727977
firm,6,3,-0.4033922757964685,-0.5704777721727977
withdrew,6,3,-0.4033922757964685,-0.5704777721727977
wheeled,6,3,-0.4033922757964685,-0.5704777721727977
ripping,6,3,-0.4033922757964685,-0.5704777721727977
purposely,6,3,-0.4033922757964685,-0.5704777721727977
swatted,6,3,-0.4033922757964685,-0.5704777721727977
approximatley,6,3,-0.4033922757964685,-0.5704777721727977
helmet,6,3,-0.4033922757964685,-0.5704777721727977
actual,6,3,-0.4033922757964685,-0.5704777721727977
display,6,3,-0.4033922757964685,-0.5704777721727977
named,11,5,-0.3080842964955064,-0.5711948659162559
traveled,11,5,-0.3080842964955064,-0.5711948659162559
height,11,5,-0.3080842964955064,-0.5711948659162559
chose,11,5,-0.3080842964955064,-0.5711948659162559
index,11,5,-0.3080842964955064,-0.5711948659162559
fleet,11,5,-0.3080842964955064,-0.5711948659162559
stablization,11,5,-0.3080842964955064,-0.5711948659162559
unsecured,11,5,-0.3080842964955064,-0.5711948659162559
curled,11,5,-0.3080842964955064,-0.5711948659162559
included,11,5,-0.3080842964955064,-0.5711948659162559
couldn,71,27,-0.12971169666369953,-0.5736400145004594
work,71,27,-0.12971169666369953,-0.5736400145004594
lost,159,58,-0.08810421678039493,-0.5742452564002222
photo,119,44,-0.10162729047500818,-0.575909722195322
yelling,808,281,-0.04039953458618584,-0.5827989730738637
forward,524,184,-0.05003670864901899,-0.5835577733709945
evaluated,24,10,-0.22107730268274395,-0.5873496506915662
raising,24,10,-0.22107730268274395,-0.5873496506915662
grasping,24,10,-0.22107730268274395,-0.5873496506915662
abrasion,43,17,-0.1685636229075662,-0.58833330116266
argue,32,13,-0.19576167872660477,-0.5951826581910085
narcotics,32,13,-0.19576167872660477,-0.5951826581910085
managed,32,13,-0.19576167872660477,-0.5951826581910085
hooded,16,7,-0.2698652818534484,-0.5955013181621605
waited,65,25,-0.1410432895394731,-0.5992706942956421
bring,311,111,-0.06631755393793881,-0.5995924228437497
stating,227,82,-0.07834321162392843,-0.6078910947546233
direct,51,20,-0.16045921877877767,-0.6081460432312279
knelt,76,29,-0.13311939416202634,-0.6098345145341811
seconds,178,65,-0.08917348220798793,-0.6151873945682612
yell,270,97,-0.07286724837609437,-0.6153602181889283
instructed,322,115,-0.066963018957372,-0.6161801147955381
baton,175,64,-0.09066688558267622,-0.6205379799253279
pair,29,12,-0.21415905675076985,-0.6239040114683158
downward,461,163,-0.05694507579015351,-0.624562310579309
regards,21,9,-0.2492481921121179,-0.6255905076048968
outstanding,21,9,-0.2492481921121179,-0.6255905076048968
stabalize,21,9,-0.2492481921121179,-0.6255905076048968
unrelated,21,9,-0.2492481921121179,-0.6255905076048968
difficult,48,19,-0.16979055948139532,-0.6263936010874489
cheek,59,23,-0.1545115333552296,-0.6285097083154723
prior,284,102,-0.07257896157281873,-0.6285380485270604
extent,37,15,-0.1936827092773452,-0.6327251468106122
good,37,15,-0.1936827092773452,-0.6327251468106122
father,70,27,-0.14389855528297701,-0.6351318559461787
numerous,229,83,-0.08169479743834174,-0.6374650408061858
party,56,22,-0.1622455372906142,-0.6447633708446388
showed,56,22,-0.1622455372906142,-0.6447633708446388
arrive,56,22,-0.1622455372906142,-0.6447633708446388
aware,45,18,-0.1802618725701972,-0.6463255496153257
dispatched,109,41,-0.11878759882214318,-0.6482957756281494
home,160,59,-0.09893347248633777,-0.6494175936261538
belt,123,46,-0.1130226120534985,-0.653866200436419
arson,13,6,-0.32335397820586387,-0.6551500835534491
heel,13,6,-0.32335397820586387,-0.6551500835534491
buildings,13,6,-0.32335397820586387,-0.6551500835534491
barrier,13,6,-0.32335397820586387,-0.6551500835534491
wound,13,6,-0.32335397820586387,-0.6551500835534491
finding,13,6,-0.32335397820586387,-0.6551500835534491
difficulty,13,6,-0.32335397820586387,-0.6551500835534491
flank,13,6,-0.32335397820586387,-0.6551500835534491
perpendicular,13,6,-0.32335397820586387,-0.6551500835534491
lunge,13,6,-0.32335397820586387,-0.6551500835534491
opened,390,139,-0.06491820896647305,-0.6568718793819669
backup,26,11,-0.23634698444536184,-0.6570785969259867
maneuver,26,11,-0.23634698444536184,-0.6570785969259867
land,26,11,-0.23634698444536184,-0.6570785969259867
new,26,11,-0.23634698444536184,-0.6570785969259867
cooperation,8,4,-0.4033944860091214,-0.6587326495388087
conscious,8,4,-0.4033944860091214,-0.6587326495388087
downtown,8,4,-0.4033944860091214,-0.6587326495388087
tickets,8,4,-0.4033944860091214,-0.6587326495388087
aforementioned,8,4,-0.4033944860091214,-0.6587326495388087
irrational,8,4,-0.4033944860091214,-0.6587326495388087
windshield,8,4,-0.4033944860091214,-0.6587326495388087
buckled,8,4,-0.4033944860091214,-0.6587326495388087
resisiting,8,4,-0.4033944860091214,-0.6587326495388087
commonly,8,4,-0.4033944860091214,-0.6587326495388087
assiting,8,4,-0.4033944860091214,-0.6587326495388087
calmly,8,4,-0.4033944860091214,-0.6587326495388087
boss,8,4,-0.4033944860091214,-0.6587326495388087
lanes,8,4,-0.4033944860091214,-0.6587326495388087
trash,8,4,-0.4033944860091214,-0.6587326495388087
staple,8,4,-0.4033944860091214,-0.6587326495388087
cellphone,8,4,-0.4033944860091214,-0.6587326495388087
questions,53,21,-0.17078531213712544,-0.6622976891222042
downstairs,53,21,-0.17078531213712544,-0.6622976891222042
guide,89,34,-0.13428543963954453,-0.6659833741905391
blood,89,34,-0.13428543963954453,-0.6659833741905391
fingers,42,17,-0.19209634337698844,-0.668219071218754
fast,18,8,-0.285615848401477,-0.6721499977768564
nerve,18,8,-0.285615848401477,-0.6721499977768564
worked,18,8,-0.285615848401477,-0.6721499977768564
spitting,131,49,-0.11319072953731002,-0.6758331869534923
tricep,61,24,-0.16373693762865038,-0.6794766355658133
shirt,242,88,-0.08497966383248468,-0.6824684303877246
blocked,31,13,-0.22751259968270787,-0.6885159125815954
believe,39,16,-0.20557970680037307,-0.6924195468283094
things,39,16,-0.20557970680037307,-0.6924195468283094
substance,39,16,-0.20557970680037307,-0.6924195468283094
displayed,23,10,-0.2636391392352291,-0.6959906414618465
danger,23,10,-0.2636391392352291,-0.6959906414618465
instead,58,23,-0.17160819015361461,-0.6963725769060856
shot,58,23,-0.17160819015361461,-0.6963725769060856
hooked,47,19,-0.19084619188294205,-0.7019580726177583
repeated,80,31,-0.14852189487722178,-0.7019590002009414
subjects,264,96,-0.08498400602842349,-0.7128328667372934
removing,55,22,-0.1802662661775596,-0.7145481280728322
windows,77,30,-0.15395329827871684,-0.7152559292483031
response,77,30,-0.15395329827871684,-0.7152559292483031
restraint,36,15,-0.22108390633343866,-0.7193636832297953
supporting,28,12,-0.24925259905395514,-0.7223757306143549
assumed,44,18,-0.2027369515512305,-0.7245611250112214
said,628,222,-0.05675160935577761,-0.7262873200175214
female,692,244,-0.05420082517864078,-0.7273906909273936
facial,113,43,-0.13038013252613112,-0.727549415798324
tie,15,7,-0.3344060241864266,-0.7305470738870901
days,15,7,-0.3344060241864266,-0.7305470738870901
informed,315,114,-0.08021716077547758,-0.7336431179522677
injuries,269,98,-0.08684321495723601,-0.735789292222812
halfway,10,5,-0.40339669624632357,-0.7364873463787399
headlock,10,5,-0.40339669624632357,-0.7364873463787399
interior,10,5,-0.40339669624632357,-0.7364873463787399
points,10,5,-0.40339669624632357,-0.7364873463787399
strange,10,5,-0.40339669624632357,-0.7364873463787399
finishing,10,5,-0.40339669624632357,-0.7364873463787399
cast,10,5,-0.40339669624632357,-0.7364873463787399
loosen,10,5,-0.40339669624632357,-0.7364873463787399
staring,10,5,-0.40339669624632357,-0.7364873463787399
social,10,5,-0.40339669624632357,-0.7364873463787399
drink,10,5,-0.40339669624632357,-0.7364873463787399
positive,10,5,-0.40339669624632357,-0.7364873463787399
consisted,10,5,-0.40339669624632357,-0.7364873463787399
just,430,154,-0.06976933678670605,-0.7425641220638264
putting,121,46,-0.12942087018163484,-0.7470564148242155
parking,240,88,-0.09328291657624632,-0.7483210054415559
caused,260,95,-0.08978241684015575,-0.7486716123898791
return,41,17,-0.21619611800267258,-0.7494231678919877
partner,41,17,-0.21619611800267258,-0.7494231678919877
festival,33,14,-0.2391024247242921,-0.7496129651537466
required,33,14,-0.2391024247242921,-0.7496129651537466
sheet,49,20,-0.20046899992634515,-0.7554545330176934
vigorously,3,2,-0.69107435094989,-0.7570300010894228
shuffling,3,2,-0.69107435094989,-0.7570300010894228
unexpectedly,3,2,-0.69107435094989,-0.7570300010894228
cleaning,3,2,-0.69107435094989,-0.7570300010894228
pedal,3,2,-0.69107435094989,-0.7570300010894228
gets,3,2,-0.69107435094989,-0.7570300010894228
stapled,3,2,-0.69107435094989,-0.7570300010894228
acquired,3,2,-0.69107435094989,-0.7570300010894228
converse,3,2,-0.69107435094989,-0.7570300010894228
transistioned,3,2,-0.69107435094989,-0.7570300010894228
taping,3,2,-0.69107435094989,-0.7570300010894228
totality,3,2,-0.69107435094989,-0.7570300010894228
eggs,3,2,-0.69107435094989,-0.7570300010894228
community,3,2,-0.69107435094989,-0.7570300010894228
allegedly,3,2,-0.69107435094989,-0.7570300010894228
inbetween,3,2,-0.69107435094989,-0.7570300010894228
tool,3,2,-0.69107435094989,-0.7570300010894228
confetti,3,2,-0.69107435094989,-0.7570300010894228
barefoot,3,2,-0.69107435094989,-0.7570300010894228
subdue,3,2,-0.69107435094989,-0.7570300010894228
assure,3,2,-0.69107435094989,-0.7570300010894228
mutual,3,2,-0.69107435094989,-0.7570300010894228
crews,3,2,-0.69107435094989,-0.7570300010894228
remembered,3,2,-0.69107435094989,-0.7570300010894228
lets,3,2,-0.69107435094989,-0.7570300010894228
lodged,3,2,-0.69107435094989,-0.7570300010894228
tour,3,2,-0.69107435094989,-0.7570300010894228
visit,3,2,-0.69107435094989,-0.7570300010894228
picnic,3,2,-0.69107435094989,-0.7570300010894228
fireman,3,2,-0.69107435094989,-0.7570300010894228
update,3,2,-0.69107435094989,-0.7570300010894228
teenage,3,2,-0.69107435094989,-0.7570300010894228
tracked,3,2,-0.69107435094989,-0.7570300010894228
mins,3,2,-0.69107435094989,-0.7570300010894228
paid,3,2,-0.69107435094989,-0.7570300010894228
persuade,3,2,-0.69107435094989,-0.7570300010894228
tacoma,3,2,-0.69107435094989,-0.7570300010894228
follows,3,2,-0.69107435094989,-0.7570300010894228
mad,3,2,-0.69107435094989,-0.7570300010894228
bouncer,3,2,-0.69107435094989,-0.7570300010894228
separately,3,2,-0.69107435094989,-0.7570300010894228
hospitalized,3,2,-0.69107435094989,-0.7570300010894228
shell,3,2,-0.69107435094989,-0.7570300010894228
ascertained,3,2,-0.69107435094989,-0.7570300010894228
review,3,2,-0.69107435094989,-0.7570300010894228
hosp,3,2,-0.69107435094989,-0.7570300010894228
mace,3,2,-0.69107435094989,-0.7570300010894228
render,3,2,-0.69107435094989,-0.7570300010894228
worried,3,2,-0.69107435094989,-0.7570300010894228
bipolar,3,2,-0.69107435094989,-0.7570300010894228
gound,3,2,-0.69107435094989,-0.7570300010894228
gown,3,2,-0.69107435094989,-0.7570300010894228
saturation,3,2,-0.69107435094989,-0.7570300010894228
saved,3,2,-0.69107435094989,-0.7570300010894228
committing,3,2,-0.69107435094989,-0.7570300010894228
dozen,3,2,-0.69107435094989,-0.7570300010894228
waved,3,2,-0.69107435094989,-0.7570300010894228
apologize,3,2,-0.69107435094989,-0.7570300010894228
puffing,3,2,-0.69107435094989,-0.7570300010894228
noncompliant,3,2,-0.69107435094989,-0.7570300010894228
sex,3,2,-0.69107435094989,-0.7570300010894228
concert,3,2,-0.69107435094989,-0.7570300010894228
securely,3,2,-0.69107435094989,-0.7570300010894228
affective,3,2,-0.69107435094989,-0.7570300010894228
dislocated,3,2,-0.69107435094989,-0.7570300010894228
choice,3,2,-0.69107435094989,-0.7570300010894228
diversion,3,2,-0.69107435094989,-0.7570300010894228
redirect,3,2,-0.69107435094989,-0.7570300010894228
righ,3,2,-0.69107435094989,-0.7570300010894228
jogging,3,2,-0.69107435094989,-0.7570300010894228
met,79,31,-0.16110290084439782,-0.7600785498058718
explain,25,11,-0.27556991991366964,-0.7616092017844909
climb,25,11,-0.27556991991366964,-0.7616092017844909
technician,57,23,-0.18900215629568784,-0.7650529824742833
uncooperative,208,77,-0.10285029079187069,-0.770817774487196
address,171,64,-0.11379820118933104,-0.7764253020590665
minute,38,16,-0.23155741615872216,-0.7769479007643699
trouble,336,122,-0.0835078049338307,-0.7897164795864856
lift,73,29,-0.1733999643793247,-0.7898949248738866
nearby,73,29,-0.1733999643793247,-0.7898949248738866
intent,17,8,-0.34277648379481995,-0.7994659771340459
various,17,8,-0.34277648379481995,-0.7994659771340459
safer,5,3,-0.5857160493800144,-0.8020180680388326
discomfort,5,3,-0.5857160493800144,-0.8020180680388326
curling,5,3,-0.5857160493800144,-0.8020180680388326
illuminated,5,3,-0.5857160493800144,-0.8020180680388326
peace,5,3,-0.5857160493800144,-0.8020180680388326
inability,5,3,-0.5857160493800144,-0.8020180680388326
repeat,5,3,-0.5857160493800144,-0.8020180680388326
cpt,5,3,-0.5857160493800144,-0.8020180680388326
understood,5,3,-0.5857160493800144,-0.8020180680388326
program,5,3,-0.5857160493800144,-0.8020180680388326
circled,5,3,-0.5857160493800144,-0.8020180680388326
runs,5,3,-0.5857160493800144,-0.8020180680388326
random,5,3,-0.5857160493800144,-0.8020180680388326
cart,5,3,-0.5857160493800144,-0.8020180680388326
prescribed,5,3,-0.5857160493800144,-0.8020180680388326
patients,5,3,-0.5857160493800144,-0.8020180680388326
merely,5,3,-0.5857160493800144,-0.8020180680388326
guy,5,3,-0.5857160493800144,-0.8020180680388326
blocks,5,3,-0.5857160493800144,-0.8020180680388326
breifly,5,3,-0.5857160493800144,-0.8020180680388326
disturbed,5,3,-0.5857160493800144,-0.8020180680388326
lawyer,5,3,-0.5857160493800144,-0.8020180680388326
seats,5,3,-0.5857160493800144,-0.8020180680388326
hidden,5,3,-0.5857160493800144,-0.8020180680388326
destruction,5,3,-0.5857160493800144,-0.8020180680388326
murder,5,3,-0.5857160493800144,-0.8020180680388326
village,5,3,-0.5857160493800144,-0.8020180680388326
prove,5,3,-0.5857160493800144,-0.8020180680388326
rioters,5,3,-0.5857160493800144,-0.8020180680388326
combination,5,3,-0.5857160493800144,-0.8020180680388326
collapsed,5,3,-0.5857160493800144,-0.8020180680388326
meeting,5,3,-0.5857160493800144,-0.8020180680388326
elbowed,5,3,-0.5857160493800144,-0.8020180680388326
transfer,5,3,-0.5857160493800144,-0.8020180680388326
propped,5,3,-0.5857160493800144,-0.8020180680388326
swings,5,3,-0.5857160493800144,-0.8020180680388326
leaned,81,32,-0.1678525073554944,-0.8038256768084407
increasingly,43,18,-0.22572869289290587,-0.8040218768214931
reason,43,18,-0.22572869289290587,-0.8040218768214931
argument,70,28,-0.1802728569912766,-0.8061331338853353
base,12,6,-0.403398906508075,-0.8067834975891507
intervene,12,6,-0.403398906508075,-0.8067834975891507
coverage,12,6,-0.403398906508075,-0.8067834975891507
ball,12,6,-0.403398906508075,-0.8067834975891507
sweat,12,6,-0.403398906508075,-0.8067834975891507
ending,12,6,-0.403398906508075,-0.8067834975891507
pick,51,21,-0.20925603960576744,-0.8070079394883025
observing,51,21,-0.20925603960576744,-0.8070079394883025
erratic,35,15,-0.24925700615243862,-0.8076473666176848
times,944,332,-0.05165293082059286,-0.8086310927371776
maintaining,173,65,-0.11767656081878108,-0.8087049147606789
caller,128,49,-0.1363644615338817,-0.8116134757724153
supervisor,59,24,-0.19707780485141058,-0.8139493864534149
plain,27,12,-0.28562246569354954,-0.8232212102759038
police,1276,446,-0.04549842006377691,-0.8259127457622535
injured,181,68,-0.11759374358391561,-0.8265762839285914
respond,195,73,-0.11404510973583815,-0.830970387639337
fights,40,17,-0.24089095362649537,-0.8319831274430736
job,75,30,-0.1802750540365743,-0.8344319424194667
beverage,32,14,-0.26987630612656943,-0.8421822294986121
wildly,32,14,-0.26987630612656943,-0.8421822294986121
ultimately,72,29,-0.1871955101900422,-0.8510598885669792
stay,155,59,-0.130693293019152,-0.8541926750980092
photographs,141,54,-0.1368029649493545,-0.854691390291547
cloth,7,4,-0.536928097298718,-0.8566312294320513
steering,7,4,-0.536928097298718,-0.8566312294320513
combined,7,4,-0.536928097298718,-0.8566312294320513
wiggle,7,4,-0.536928097298718,-0.8566312294320513
split,7,4,-0.536928097298718,-0.8566312294320513
exact,7,4,-0.536928097298718,-0.8566312294320513
comfortable,7,4,-0.536928097298718,-0.8566312294320513
violated,7,4,-0.536928097298718,-0.8566312294320513
bars,7,4,-0.536928097298718,-0.8566312294320513
setting,7,4,-0.536928097298718,-0.8566312294320513
conclusion,7,4,-0.536928097298718,-0.8566312294320513
pediatric,7,4,-0.536928097298718,-0.8566312294320513
slap,7,4,-0.536928097298718,-0.8566312294320513
great,7,4,-0.536928097298718,-0.8566312294320513
yeah,7,4,-0.536928097298718,-0.8566312294320513
forcibly,7,4,-0.536928097298718,-0.8566312294320513
remember,7,4,-0.536928097298718,-0.8566312294320513
pouch,7,4,-0.536928097298718,-0.8566312294320513
harder,7,4,-0.536928097298718,-0.8566312294320513
hot,7,4,-0.536928097298718,-0.8566312294320513
addendum,61,25,-0.2045655893668794,-0.8613587783688017
hit,245,91,-0.10619518102604708,-0.8647904873904266
cross,24,11,-0.3163941367204899,-0.8689240724838603
civil,24,11,-0.3163941367204899,-0.8689240724838603
charging,14,7,-0.40340111679437385,-0.8714279691421289
background,14,7,-0.40340111679437385,-0.8714279691421289
text,14,7,-0.40340111679437385,-0.8714279691421289
duration,14,7,-0.40340111679437385,-0.8714279691421289
placing,777,276,-0.061603150963184916,-0.8783359266777585
crossing,29,13,-0.29420841940438436,-0.8814218721529259
shift,29,13,-0.29420841940438436,-0.8814218721529259
smell,29,13,-0.29420841940438436,-0.8814218721529259
different,29,13,-0.29420841940438436,-0.8814218721529259
voice,58,24,-0.21417446167512466,-0.8823637178979374
standing,826,293,-0.06022470375093203,-0.8848424056278612
small,341,125,-0.09303804211665234,-0.8894536455838478
didn,213,80,-0.11732627647103389,-0.8945077058300857
process,74,30,-0.19370029807802425,-0.8948473210948782
stopped,536,193,-0.07518194073553186,-0.8950287023169415
rail,34,15,-0.27824676586137365,-0.8976294805860978
knocking,34,15,-0.27824676586137365,-0.8976294805860978
time,2514,870,-0.035598263562460986,-0.9024138007282334
release,101,40,-0.1703334852144156,-0.9116453050751981
talked,9,5,-0.5087594316773014,-0.9121127394155554
easily,9,5,-0.5087594316773014,-0.9121127394155554
dirt,9,5,-0.5087594316773014,-0.9121127394155554
yielded,9,5,-0.5087594316773014,-0.9121127394155554
sort,9,5,-0.5087594316773014,-0.9121127394155554
expressed,9,5,-0.5087594316773014,-0.9121127394155554
disorder,9,5,-0.5087594316773014,-0.9121127394155554
forwards,9,5,-0.5087594316773014,-0.9121127394155554
faggot,9,5,-0.5087594316773014,-0.9121127394155554
sir,9,5,-0.5087594316773014,-0.9121127394155554
notes,9,5,-0.5087594316773014,-0.9121127394155554
attacked,9,5,-0.5087594316773014,-0.9121127394155554
ignition,9,5,-0.5087594316773014,-0.9121127394155554
interaction,71,29,-0.20118397583562597,-0.9128130789655534
enter,79,32,-0.19285825711691196,-0.9202829221069979
canister,21,10,-0.3546153616072001,-0.9229396177446052
handcuff,969,343,-0.05812764883685695,-0.9241354884291283
sit,523,189,-0.07879374330886435,-0.9278239190348079
entering,60,25,-0.22109711482323213,-0.9287208875987704
girlfriend,87,35,-0.18601233352635482,-0.9291960185295766
assisting,431,157,-0.08675742630308392,-0.9302172709724662
status,16,8,-0.4034033271052202,-0.931598031156774
manipulate,16,8,-0.4034033271052202,-0.931598031156774
okay,16,8,-0.4034033271052202,-0.931598031156774
stumbling,16,8,-0.4034033271052202,-0.931598031156774
utilizing,44,19,-0.2568108292179012,-0.9354500697799816
appearance,31,14,-0.3016272271574678,-0.9366785110910145
bushes,31,14,-0.3016272271574678,-0.9366785110910145
learned,175,67,-0.1364964023014794,-0.9498969443010774
exposed,57,24,-0.2315684278423582,-0.9515844139526869
calves,57,24,-0.2315684278423582,-0.9515844139526869
charged,65,27,-0.21801764545728552,-0.9521371408161863
crime,65,27,-0.21801764545728552,-0.9521371408161863
finger,73,30,-0.20730817383569544,-0.9558260634656351
outside,510,185,-0.08257557095170664,-0.9615417673737199
final,11,6,-0.49041250400485126,-0.9662768222638001
cont,11,6,-0.49041250400485126,-0.9662768222638001
carrier,11,6,-0.49041250400485126,-0.9662768222638001
thing,11,6,-0.49041250400485126,-0.9662768222638001
evening,11,6,-0.49041250400485126,-0.9662768222638001
gaining,41,18,-0.27336118807806287,-0.9667516267076263
cameras,180,69,-0.1377416083861842,-0.9725905823214175
lying,108,43,-0.17564784454836335,-0.9739600453358677
listed,70,29,-0.21537083449077699,-0.9751642479039278
speaking,219,83,-0.12636731984226302,-0.9801133372983313
slowly,46,20,-0.26365457126806824,-0.9843065485735565
effectively,46,20,-0.26365457126806824,-0.9843065485735565
nature,46,20,-0.26365457126806824,-0.9843065485735565
mission,18,9,-0.4034055374406176,-0.9881114161643977
dangerous,18,9,-0.4034055374406176,-0.9881114161643977
designated,18,9,-0.4034055374406176,-0.9881114161643977
upward,67,28,-0.22408215054121605,-0.9956892030541711
tense,146,57,-0.15603231213743118,-0.9988523804177222
lay,83,34,-0.20409454464490473,-1.0022370545884658
arrested,252,95,-0.12105276077508709,-1.0051686595112315
hold,1045,371,-0.061109180226088355,-1.0099298827514902
violent,110,44,-0.18029043485729446,-1.0105885925409752
warnings,43,19,-0.27980257059951263,-1.0156439277530225
explained,99,40,-0.19033859991675506,-1.0158091463740309
clerks,13,7,-0.47751130997865054,-1.0185458733067985
tumultuous,13,7,-0.47751130997865054,-1.0185458733067985
wide,13,7,-0.47751130997865054,-1.0185458733067985
door,2089,729,-0.04397465207521467,-1.0198119537869619
helped,151,59,-0.156847470799514,-1.0214109832811282
capture,56,24,-0.24927022838785184,-1.0216276947787486
doing,243,92,-0.12533213033934842,-1.0235482716820217
exposure,88,36,-0.20275894912273174,-1.0247372052786758
fucking,96,39,-0.19579246389335125,-1.03096404934267
bending,30,14,-0.33441927267614524,-1.0331686105269222
crying,30,14,-0.33441927267614524,-1.0331686105269222
roadway,69,29,-0.22976179559830534,-1.038123323029568
dropping,20,10,-0.40340774780056243,-1.041563508729576
onscene,123,49,-0.17622149115798713,-1.0429840340102488
pavement,74,31,-0.2264967788014598,-1.0585757849117807
flexed,4,3,-0.8088618166453099,-1.0590406703013353
wine,4,3,-0.8088618166453099,-1.0590406703013353
argued,4,3,-0.8088618166453099,-1.0590406703013353
patol,4,3,-0.8088618166453099,-1.0590406703013353
brake,4,3,-0.8088618166453099,-1.0590406703013353
attemtped,4,3,-0.8088618166453099,-1.0590406703013353
resources,4,3,-0.8088618166453099,-1.0590406703013353
threating,4,3,-0.8088618166453099,-1.0590406703013353
encouraging,4,3,-0.8088618166453099,-1.0590406703013353
shatter,4,3,-0.8088618166453099,-1.0590406703013353
agency,4,3,-0.8088618166453099,-1.0590406703013353
levels,4,3,-0.8088618166453099,-1.0590406703013353
pound,4,3,-0.8088618166453099,-1.0590406703013353
hopes,4,3,-0.8088618166453099,-1.0590406703013353
escaped,4,3,-0.8088618166453099,-1.0590406703013353
banged,4,3,-0.8088618166453099,-1.0590406703013353
stablize,4,3,-0.8088618166453099,-1.0590406703013353
impeding,4,3,-0.8088618166453099,-1.0590406703013353
killed,4,3,-0.8088618166453099,-1.0590406703013353
visually,4,3,-0.8088618166453099,-1.0590406703013353
restroom,4,3,-0.8088618166453099,-1.0590406703013353
investigative,4,3,-0.8088618166453099,-1.0590406703013353
temple,4,3,-0.8088618166453099,-1.0590406703013353
medicine,4,3,-0.8088618166453099,-1.0590406703013353
suffer,4,3,-0.8088618166453099,-1.0590406703013353
rsgt,4,3,-0.8088618166453099,-1.0590406703013353
desired,4,3,-0.8088618166453099,-1.0590406703013353
extending,4,3,-0.8088618166453099,-1.0590406703013353
mule,4,3,-0.8088618166453099,-1.0590406703013353
intercept,4,3,-0.8088618166453099,-1.0590406703013353
doctors,4,3,-0.8088618166453099,-1.0590406703013353
totally,4,3,-0.8088618166453099,-1.0590406703013353
rotate,4,3,-0.8088618166453099,-1.0590406703013353
minor,90,37,-0.20768727808946075,-1.0633581969533692
possibly,98,40,-0.2004931953691429,-1.0684355855001122
feeling,15,8,-0.46794406966643365,-1.0688348316820966
await,15,8,-0.46794406966643365,-1.0688348316820966
sill,6,4,-0.6910809953891714,-1.0706066824740423
cycled,6,4,-0.6910809953891714,-1.0706066824740423
unstable,6,4,-0.6910809953891714,-1.0706066824740423
riot,6,4,-0.6910809953891714,-1.0706066824740423
grey,6,4,-0.6910809953891714,-1.0706066824740423
backboard,6,4,-0.6910809953891714,-1.0706066824740423
eyebrow,6,4,-0.6910809953891714,-1.0706066824740423
messages,6,4,-0.6910809953891714,-1.0706066824740423
pearson,6,4,-0.6910809953891714,-1.0706066824740423
bumped,6,4,-0.6910809953891714,-1.0706066824740423
forgot,6,4,-0.6910809953891714,-1.0706066824740423
received,87,36,-0.2141898688243291,-1.080707433261522
assigned,114,46,-0.18902853643312945,-1.0820205504543936
acting,122,49,-0.18438702599513057,-1.0900409996070368
strap,22,11,-0.40340995818505654,-1.092403774965719
investigate,22,11,-0.40340995818505654,-1.092403774965719
angry,55,24,-0.2672909573271198,-1.0925101163668516
issues,55,24,-0.2672909573271198,-1.0925101163668516
white,141,56,-0.1731839284070409,-1.0962276060699234
stopping,42,19,-0.30333529115369906,-1.097069763362895
slid,42,19,-0.30333529115369906,-1.097069763362895
attention,130,52,-0.18029922507932028,-1.0986513013156245
resistive,76,32,-0.23157944057803803,-1.0988198133546059
welcome,8,5,-0.6265446868703428,-1.0990170863994855
tightening,8,5,-0.6265446868703428,-1.0990170863994855
roughly,8,5,-0.6265446868703428,-1.0990170863994855
clipped,8,5,-0.6265446868703428,-1.0990170863994855
stable,8,5,-0.6265446868703428,-1.0990170863994855
formation,8,5,-0.6265446868703428,-1.0990170863994855
cold,8,5,-0.6265446868703428,-1.0990170863994855
realize,8,5,-0.6265446868703428,-1.0990170863994855
stare,8,5,-0.6265446868703428,-1.0990170863994855
collect,8,5,-0.6265446868703428,-1.0990170863994855
needs,8,5,-0.6265446868703428,-1.0990170863994855
rushed,8,5,-0.6265446868703428,-1.0990170863994855
walmart,8,5,-0.6265446868703428,-1.0990170863994855
policy,8,5,-0.6265446868703428,-1.0990170863994855
statements,68,29,-0.2443628186669926,-1.10170040697087
kneeling,119,48,-0.18866530370584123,-1.1032195109873946
stayed,47,21,-0.2909429637762262,-1.1083680330789711
tensed,168,66,-0.162289430979075,-1.1169082966249497
recently,17,9,-0.46056617301102243,-1.1172226645886976
argumentative,17,9,-0.46056617301102243,-1.1172226645886976
change,17,9,-0.46056617301102243,-1.1172226645886976
removal,17,9,-0.46056617301102243,-1.1172226645886976
changed,17,9,-0.46056617301102243,-1.1172226645886976
aggitated,17,9,-0.46056617301102243,-1.1172226645886976
pass,17,9,-0.46056617301102243,-1.1172226645886976
captured,89,37,-0.21886280258935464,-1.118747676258398
action,52,23,-0.280820822558713,-1.1213301929359334
form,52,23,-0.280820822558713,-1.1213301929359334
commanded,105,43,-0.20382539370271857,-1.1256347001402507
lifted,165,65,-0.1650404776427834,-1.1267699572253576
evasive,10,6,-0.5857249041598198,-1.1342325311423118
reasons,10,6,-0.5857249041598198,-1.1342325311423118
attending,10,6,-0.5857249041598198,-1.1342325311423118
paramedic,10,6,-0.5857249041598198,-1.1342325311423118
apologized,10,6,-0.5857249041598198,-1.1342325311423118
spinning,10,6,-0.5857249041598198,-1.1342325311423118
sharp,10,6,-0.5857249041598198,-1.1342325311423118
squirm,10,6,-0.5857249041598198,-1.1342325311423118
assess,10,6,-0.5857249041598198,-1.1342325311423118
fine,24,12,-0.40341216859410345,-1.1409814044486002
cover,44,20,-0.30811078026067307,-1.1424356078656066
preventing,129,52,-0.18802349542822672,-1.1444527848855395
threw,129,52,-0.18802349542822672,-1.1444527848855395
start,62,27,-0.26527720102251706,-1.15039339513909
moment,49,22,-0.29579249339903235,-1.1524924209805976
drug,91,38,-0.22331012357713398,-1.1560439718843558
neck,189,74,-0.1589233140355244,-1.1586544124614708
activity,19,10,-0.4547032641653104,-1.1638399087973257
surrounded,19,10,-0.4547032641653104,-1.1638399087973257
lacerations,19,10,-0.4547032641653104,-1.1638399087973257
scratch,19,10,-0.4547032641653104,-1.1638399087973257
prongs,54,24,-0.2856423194221467,-1.164248564698369
day,54,24,-0.2856423194221467,-1.164248564698369
report,888,320,-0.07603810605336658,-1.1649978803002137
view,67,29,-0.25918012809164637,-1.1659057758287017
noises,12,7,-0.5575562385709283,-1.1723114405331143
sedated,12,7,-0.5575562385709283,-1.1723114405331143
slurred,12,7,-0.5575562385709283,-1.1723114405331143
slurring,12,7,-0.5575562385709283,-1.1723114405331143
night,36,17,-0.34626036127264115,-1.1765714098057765
hobbled,31,15,-0.370626754388411,-1.178324312289294
holding,723,263,-0.08542102942590013,-1.1852258259838815
copy,26,13,-0.4034143790276996,-1.1875740886141346
request,93,39,-0.22754783406932866,-1.1926321863480518
medical,274,105,-0.13745486865205514,-1.1971925468960334
harassment,77,33,-0.24928345203338687,-1.1979946866861289
backing,21,11,-0.4499321960003808,-1.208827015954028
loop,21,11,-0.4499321960003808,-1.208827015954028
stab,14,8,-0.5369391624926934,-1.211470773144721
wants,14,8,-0.5369391624926934,-1.211470773144721
district,14,8,-0.5369391624926934,-1.211470773144721
palms,14,8,-0.5369391624926934,-1.211470773144721
moved,555,205,-0.10070547310215883,-1.2313479202164068
cuffed,245,95,-0.14923921284843367,-1.2344010259101366
feet,1720,609,-0.058501973778017025,-1.2381961921723272
stood,546,202,-0.10231236829885493,-1.2415516188931877
unknown,228,89,-0.15590912682461777,-1.2470413313647106
gained,92,39,-0.23836097411428092,-1.2473056744994453
guns,16,9,-0.5211930164916758,-1.2508312658915033
burning,16,9,-0.5211930164916758,-1.2508312658915033
shifted,16,9,-0.5211930164916758,-1.2508312658915033
manor,16,9,-0.5211930164916758,-1.2508312658915033
sounded,23,12,-0.44597400536403775,-1.2523186933902017
witness,105,44,-0.22682157087228205,-1.262851853245559
crossed,40,19,-0.3521299015699686,-1.2637432791980667
armpit,97,41,-0.23545119084656996,-1.26381516683479
create,45,21,-0.33443252222542696,-1.2653912660250626
today,35,17,-0.3744334611959328,-1.266512272707341
apparent,35,17,-0.3744334611959328,-1.266512272707341
got,633,233,-0.0972446379178411,-1.268112586416845
directed,241,94,-0.15512061874662564,-1.2752317486264606
directing,30,15,-0.4034187999685468,-1.275665628622595
condition,30,15,-0.4034187999685468,-1.275665628622595
takedown,134,55,-0.20609442385858756,-1.2867490923281273
constant,18,10,-0.5087727073590944,-1.289937451436997
punching,78,34,-0.26623744478658473,-1.2953920297823371
bloodshot,7,5,-0.7600782986958023,-1.29806402612317
calming,7,5,-0.7600782986958023,-1.29806402612317
knuckle,7,5,-0.7600782986958023,-1.29806402612317
moderatly,7,5,-0.7600782986958023,-1.29806402612317
recruit,7,5,-0.7600782986958023,-1.29806402612317
premise,7,5,-0.7600782986958023,-1.29806402612317
shows,7,5,-0.7600782986958023,-1.29806402612317
beligerent,7,5,-0.7600782986958023,-1.29806402612317
targeted,7,5,-0.7600782986958023,-1.29806402612317
choke,7,5,-0.7600782986958023,-1.29806402612317
clasped,7,5,-0.7600782986958023,-1.29806402612317
deemed,7,5,-0.7600782986958023,-1.29806402612317
racial,7,5,-0.7600782986958023,-1.29806402612317
pried,5,4,-0.8734047698062781,-1.3019821308833057
sudden,5,4,-0.8734047698062781,-1.3019821308833057
scan,5,4,-0.8734047698062781,-1.3019821308833057
confused,5,4,-0.8734047698062781,-1.3019821308833057
distraught,5,4,-0.8734047698062781,-1.3019821308833057
miss,5,4,-0.8734047698062781,-1.3019821308833057
depos,5,4,-0.8734047698062781,-1.3019821308833057
reviewed,5,4,-0.8734047698062781,-1.3019821308833057
establishment,5,4,-0.8734047698062781,-1.3019821308833057
congregating,5,4,-0.8734047698062781,-1.3019821308833057
grazed,5,4,-0.8734047698062781,-1.3019821308833057
panhandling,5,4,-0.8734047698062781,-1.3019821308833057
trapezius,5,4,-0.8734047698062781,-1.3019821308833057
bodies,5,4,-0.8734047698062781,-1.3019821308833057
launcher,5,4,-0.8734047698062781,-1.3019821308833057
till,5,4,-0.8734047698062781,-1.3019821308833057
communication,5,4,-0.8734047698062781,-1.3019821308833057
obeying,5,4,-0.8734047698062781,-1.3019821308833057
structure,5,4,-0.8734047698062781,-1.3019821308833057
increased,5,4,-0.8734047698062781,-1.3019821308833057
toe,5,4,-0.8734047698062781,-1.3019821308833057
transmission,5,4,-0.8734047698062781,-1.3019821308833057
hallway,139,57,-0.205180571181371,-1.3042926810285433
sub,47,22,-0.3374696364135694,-1.3062958049899172
impact,37,18,-0.3760242343601803,-1.3084232668710636
detained,83,36,-0.26126627512583767,-1.3090364665854932
redirected,9,6,-0.6910876399612693,-1.3112256626009802
plates,9,6,-0.6910876399612693,-1.3112256626009802
steady,9,6,-0.6910876399612693,-1.3112256626009802
reholstered,9,6,-0.6910876399612693,-1.3112256626009802
stall,9,6,-0.6910876399612693,-1.3112256626009802
current,9,6,-0.6910876399612693,-1.3112256626009802
premises,9,6,-0.6910876399612693,-1.3112256626009802
horizontal,9,6,-0.6910876399612693,-1.3112256626009802
responders,9,6,-0.6910876399612693,-1.3112256626009802
tightly,9,6,-0.6910876399612693,-1.3112256626009802
diabetic,9,6,-0.6910876399612693,-1.3112256626009802
appropriate,9,6,-0.6910876399612693,-1.3112256626009802
better,57,26,-0.31162445030194164,-1.3166857933971123
arguing,75,33,-0.27560520787496223,-1.3192252315198303
neighborhood,531,198,-0.1101753875816387,-1.3222767023916768
sink,11,7,-0.6445698363383414,-1.3331249158000862
tenant,11,7,-0.6445698363383414,-1.3331249158000862
circle,11,7,-0.6445698363383414,-1.3331249158000862
simple,11,7,-0.6445698363383414,-1.3331249158000862
marks,11,7,-0.6445698363383414,-1.3331249158000862
going,1013,367,-0.08141425757821885,-1.334684047314985
adjusted,27,14,-0.4397864562798066,-1.335297538480678
stabilized,289,112,-0.14870806720255825,-1.3355635166573372
lock,325,125,-0.1411309447934599,-1.3404125914755025
calm,228,90,-0.16708908894492502,-1.341833798259972
human,3,3,-1.0965461033761077,-1.3429802922738523
meat,3,3,-1.0965461033761077,-1.3429802922738523
convincing,3,3,-1.0965461033761077,-1.3429802922738523
hop,3,3,-1.0965461033761077,-1.3429802922738523
ribcage,3,3,-1.0965461033761077,-1.3429802922738523
infractions,3,3,-1.0965461033761077,-1.3429802922738523
charger,3,3,-1.0965461033761077,-1.3429802922738523
supine,3,3,-1.0965461033761077,-1.3429802922738523
molly,3,3,-1.0965461033761077,-1.3429802922738523
responses,3,3,-1.0965461033761077,-1.3429802922738523
cornered,3,3,-1.0965461033761077,-1.3429802922738523
inadvertently,3,3,-1.0965461033761077,-1.3429802922738523
duck,3,3,-1.0965461033761077,-1.3429802922738523
assuming,3,3,-1.0965461033761077,-1.3429802922738523
killing,3,3,-1.0965461033761077,-1.3429802922738523
peacefully,3,3,-1.0965461033761077,-1.3429802922738523
silent,3,3,-1.0965461033761077,-1.3429802922738523
fountain,3,3,-1.0965461033761077,-1.3429802922738523
obstructed,3,3,-1.0965461033761077,-1.3429802922738523
pillow,3,3,-1.0965461033761077,-1.3429802922738523
taped,3,3,-1.0965461033761077,-1.3429802922738523
certain,3,3,-1.0965461033761077,-1.3429802922738523
staggering,3,3,-1.0965461033761077,-1.3429802922738523
yesterday,3,3,-1.0965461033761077,-1.3429802922738523
fake,3,3,-1.0965461033761077,-1.3429802922738523
user,3,3,-1.0965461033761077,-1.3429802922738523
procedures,3,3,-1.0965461033761077,-1.3429802922738523
hate,3,3,-1.0965461033761077,-1.3429802922738523
deflected,3,3,-1.0965461033761077,-1.3429802922738523
fighter,3,3,-1.0965461033761077,-1.3429802922738523
pressure,746,274,-0.09510085996954487,-1.345061713793063
requested,195,78,-0.18032779923757225,-1.345669757704578
transferred,39,19,-0.37744993265575033,-1.3490555286167645
harm,39,19,-0.37744993265575033,-1.3490555286167645
snow,54,25,-0.3264709713194449,-1.3494753553077292
responding,146,60,-0.2073455861300708,-1.3518584336793897
complainant,59,27,-0.31488081279797164,-1.3550931202809522
tension,59,27,-0.31488081279797164,-1.3550931202809522
alcoholic,34,17,-0.4034232210076034,-1.3580566070651137
make,222,88,-0.1712845064753603,-1.3593568702533314
concern,13,8,-0.6110493558830719,-1.3597960304336139
sustain,13,8,-0.6110493558830719,-1.3597960304336139
pry,13,8,-0.6110493558830719,-1.3597960304336139
losing,13,8,-0.6110493558830719,-1.3597960304336139
denied,22,12,-0.4904279902481168,-1.3665413760415688
living,82,36,-0.2733898595016271,-1.3672606922906636
following,124,52,-0.22756545537310924,-1.3771836372245767
patient,46,22,-0.3589780649237113,-1.38476161146877
armbar,51,24,-0.34280740348120275,-1.384773679082436
free,279,109,-0.15677424894551883,-1.38746808878504
burglary,56,26,-0.3293262508904249,-1.3876050492836138
lean,41,20,-0.37873501700991064,-1.3885181150587795
warning,41,20,-0.37873501700991064,-1.3885181150587795
die,41,20,-0.37873501700991064,-1.3885181150587795
receive,15,9,-0.5857337592149712,-1.3891549087140154
reapplied,15,9,-0.5857337592149712,-1.3891549087140154
total,15,9,-0.5857337592149712,-1.3891549087140154
potentially,15,9,-0.5857337592149712,-1.3891549087140154
entry,79,35,-0.2824903904016871,-1.3910798044599404
check,641,238,-0.10593334844915603,-1.39450720204884
handcuffing,446,169,-0.12624606358687096,-1.3968654250693195
property,262,103,-0.1630204864165563,-1.401271777844621
bent,309,120,-0.1507951464418973,-1.4013990539041459
profanities,24,13,-0.48346153166228767,-1.4038545139293714
serial,24,13,-0.48346153166228767,-1.4038545139293714
dealing,31,16,-0.43517193162193735,-1.4136192116970174
keys,31,16,-0.43517193162193735,-1.4136192116970174
hanging,31,16,-0.43517193162193735,-1.4136192116970174
indicated,31,16,-0.43517193162193735,-1.4136192116970174
thrash,102,44,-0.2558157798992653,-1.418136515562719
heavily,17,10,-0.5659333430602551,-1.420024131430839
connected,17,10,-0.5659333430602551,-1.420024131430839
naked,17,10,-0.5659333430602551,-1.420024131430839
deliver,17,10,-0.5659333430602551,-1.420024131430839
period,17,10,-0.5659333430602551,-1.420024131430839
leaning,58,27,-0.3319774696842508,-1.4248183478219676
agitated,147,61,-0.21705335862389852,-1.4248701012079186
sign,43,21,-0.37989934276106396,-1.4269055419514731
injury,220,88,-0.18033879171673828,-1.4293718212637736
forearm,402,154,-0.1371647826984086,-1.446650963986878
medication,33,17,-0.4332784070763225,-1.4512486941498857
larceny,33,17,-0.4332784070763225,-1.4512486941498857
limp,19,11,-0.5500200987780417,-1.4517025729393631
details,55,26,-0.34734697987230057,-1.4593349805526068
tucked,65,30,-0.32339813442292176,-1.4650533152865046
applied,1022,373,-0.08880554824957354,-1.4662403767667127
loose,28,15,-0.47241611689733176,-1.4763736727495733
inside,924,339,-0.09402344493244286,-1.4790793014186199
deposition,151,63,-0.2224713933553213,-1.4829970650600937
friends,21,12,-0.5369502281536533,-1.4837564201405031
flush,21,12,-0.5369502281536533,-1.4837564201405031
rig,167,69,-0.2127335662070875,-1.4861704342955397
apply,251,100,-0.17635773816314426,-1.4908703104529268
overhead,8,6,-0.8088728954784727,-1.497718790071953
contacting,8,6,-0.8088728954784727,-1.497718790071953
tactics,8,6,-0.8088728954784727,-1.497718790071953
commit,8,6,-0.8088728954784727,-1.497718790071953
cravats,8,6,-0.8088728954784727,-1.497718790071953
medics,8,6,-0.8088728954784727,-1.497718790071953
intention,8,6,-0.8088728954784727,-1.497718790071953
declined,10,7,-0.7398822367386888,-1.501340588580714
paramedics,10,7,-0.7398822367386888,-1.501340588580714
sedative,10,7,-0.7398822367386888,-1.501340588580714
talking,124,53,-0.24662030988734074,-1.5025169083490768
moving,311,122,-0.1608816885101252,-1.5054062534069867
approched,6,5,-0.9142311972228807,-1.509784870400249
illness,6,5,-0.9142311972228807,-1.509784870400249
bat,6,5,-0.9142311972228807,-1.509784870400249
easier,6,5,-0.9142311972228807,-1.509784870400249
tenants,6,5,-0.9142311972228807,-1.509784870400249
cop,6,5,-0.9142311972228807,-1.509784870400249
answers,6,5,-0.9142311972228807,-1.509784870400249
rocking,6,5,-0.9142311972228807,-1.509784870400249
vehcile,6,5,-0.9142311972228807,-1.509784870400249
garden,6,5,-0.9142311972228807,-1.509784870400249
save,6,5,-0.9142311972228807,-1.509784870400249
aid,30,16,-0.4679639772536106,-1.511589993136409
verbalizing,12,8,-0.6910942846661836,-1.5140794668387962
straighten,12,8,-0.6910942846661836,-1.5140794668387962
effecting,12,8,-0.6910942846661836,-1.5140794668387962
applying,223,90,-0.1892740708779863,-1.5151964456110163
business,23,13,-0.5260233685088878,-1.5159098347305067
welfare,23,13,-0.5260233685088878,-1.5159098347305067
abrasions,23,13,-0.5260233685088878,-1.5159098347305067
performing,64,30,-0.3389045445886101,-1.5315271167888451
grass,64,30,-0.3389045445886101,-1.5315271167888451
forced,64,30,-0.3389045445886101,-1.5315271167888451
head,1247,453,-0.08417253338775144,-1.5320976076689217
purposes,14,9,-0.6547288521933883,-1.5324004672831963
hang,14,9,-0.6547288521933883,-1.5324004672831963
maintained,407,157,-0.14410575352025567,-1.5330989382147622
involvement,69,32,-0.32822184232481355,-1.5344903698074133
blade,110,48,-0.26732844832644886,-1.5451446481343971
protection,32,17,-0.4640522886413798,-1.5461332631856086
anymore,25,14,-0.5167519425731673,-1.547984241561694
pussies,4,4,-1.0965505376272802,-1.5507428939155468
firearms,4,4,-1.0965505376272802,-1.5507428939155468
hugged,4,4,-1.0965505376272802,-1.5507428939155468
bodily,4,4,-1.0965505376272802,-1.5507428939155468
director,4,4,-1.0965505376272802,-1.5507428939155468
notify,4,4,-1.0965505376272802,-1.5507428939155468
readily,4,4,-1.0965505376272802,-1.5507428939155468
vacate,4,4,-1.0965505376272802,-1.5507428939155468
reception,4,4,-1.0965505376272802,-1.5507428939155468
swaying,4,4,-1.0965505376272802,-1.5507428939155468
anxiety,4,4,-1.0965505376272802,-1.5507428939155468
blow,4,4,-1.0965505376272802,-1.5507428939155468
rush,4,4,-1.0965505376272802,-1.5507428939155468
destroy,4,4,-1.0965505376272802,-1.5507428939155468
banned,4,4,-1.0965505376272802,-1.5507428939155468
reset,4,4,-1.0965505376272802,-1.5507428939155468
severe,4,4,-1.0965505376272802,-1.5507428939155468
resumed,4,4,-1.0965505376272802,-1.5507428939155468
marshall,4,4,-1.0965505376272802,-1.5507428939155468
bathtub,4,4,-1.0965505376272802,-1.5507428939155468
narcotic,4,4,-1.0965505376272802,-1.5507428939155468
worse,4,4,-1.0965505376272802,-1.5507428939155468
confined,16,10,-0.6265601866648538,-1.5542620788496626
explaining,16,10,-0.6265601866648538,-1.5542620788496626
belly,16,10,-0.6265601866648538,-1.5542620788496626
trying,996,366,-0.09564120689083744,-1.5628233200246027
warned,81,37,-0.3130678086166263,-1.5775814782718234
interfering,18,11,-0.6040895420746342,-1.5784170107274074
occurring,18,11,-0.6040895420746342,-1.5784170107274074
determine,18,11,-0.6040895420746342,-1.5784170107274074
finish,27,15,-0.5087859837486253,-1.5798629498629777
visibly,27,15,-0.5087859837486253,-1.5798629498629777
case,27,15,-0.5087859837486253,-1.5798629498629777
closer,86,39,-0.3058155984132114,-1.5839242490465277
cleared,41,21,-0.4275318381541062,-1.593116060449274
needed,275,110,-0.18036297990170613,-1.598189015233783
cuffing,143,61,-0.24465021267203468,-1.5994879494048118
collected,58,28,-0.3683517716078999,-1.6005532751114453
calf,58,28,-0.3683517716078999,-1.6005532751114453
special,20,12,-0.5857426145454809,-1.6040688137517665
problem,20,12,-0.5857426145454809,-1.6040688137517665
note,53,26,-0.38439269848026747,-1.6052865112804244
maintain,164,69,-0.2308676243652119,-1.608562208532327
belligerent,83,38,-0.31534681345249993,-1.6098163555377591
remained,196,81,-0.21297078491882449,-1.6119075552058182
handcuffed,1372,499,-0.08538607702233314,-1.630686986604
slide,22,13,-0.5704773534668863,-1.6306909099393176
providing,22,13,-0.5704773534668863,-1.6306909099393176
sergeant,80,37,-0.3254925524542376,-1.636986845274521
leaving,103,46,-0.2905224616500277,-1.638033499923191
capacity,55,27,-0.38509396552075437,-1.638657127670821
transition,31,17,-0.4958032098320029,-1.6427552155404725
stabilization,364,143,-0.16236630223466086,-1.6444191854223156
vulgarities,2,3,-1.5020134215905365,-1.6453645263975227
continuted,2,3,-1.5020134215905365,-1.6453645263975227
protestor,2,3,-1.5020134215905365,-1.6453645263975227
ensured,2,3,-1.5020134215905365,-1.6453645263975227
trasported,2,3,-1.5020134215905365,-1.6453645263975227
glancing,2,3,-1.5020134215905365,-1.6453645263975227
displace,2,3,-1.5020134215905365,-1.6453645263975227
loss,2,3,-1.5020134215905365,-1.6453645263975227
tazer,2,3,-1.5020134215905365,-1.6453645263975227
occurrence,2,3,-1.5020134215905365,-1.6453645263975227
manually,2,3,-1.5020134215905365,-1.6453645263975227
woken,2,3,-1.5020134215905365,-1.6453645263975227
thirty,2,3,-1.5020134215905365,-1.6453645263975227
depostion,2,3,-1.5020134215905365,-1.6453645263975227
rightside,2,3,-1.5020134215905365,-1.6453645263975227
anchor,2,3,-1.5020134215905365,-1.6453645263975227
idea,2,3,-1.5020134215905365,-1.6453645263975227
uneffective,2,3,-1.5020134215905365,-1.6453645263975227
suit,2,3,-1.5020134215905365,-1.6453645263975227
blankets,2,3,-1.5020134215905365,-1.6453645263975227
youth,2,3,-1.5020134215905365,-1.6453645263975227
dresser,2,3,-1.5020134215905365,-1.6453645263975227
bills,2,3,-1.5020134215905365,-1.6453645263975227
flash,2,3,-1.5020134215905365,-1.6453645263975227
bagan,2,3,-1.5020134215905365,-1.6453645263975227
maced,2,3,-1.5020134215905365,-1.6453645263975227
surprised,2,3,-1.5020134215905365,-1.6453645263975227
quit,2,3,-1.5020134215905365,-1.6453645263975227
breached,2,3,-1.5020134215905365,-1.6453645263975227
darkness,2,3,-1.5020134215905365,-1.6453645263975227
grappling,2,3,-1.5020134215905365,-1.6453645263975227
allegations,2,3,-1.5020134215905365,-1.6453645263975227
dwelling,2,3,-1.5020134215905365,-1.6453645263975227
haymaker,2,3,-1.5020134215905365,-1.6453645263975227
leads,2,3,-1.5020134215905365,-1.6453645263975227
panhandler,2,3,-1.5020134215905365,-1.6453645263975227
takes,2,3,-1.5020134215905365,-1.6453645263975227
suggested,2,3,-1.5020134215905365,-1.6453645263975227
underarm,2,3,-1.5020134215905365,-1.6453645263975227
elderly,2,3,-1.5020134215905365,-1.6453645263975227
partly,2,3,-1.5020134215905365,-1.6453645263975227
sufficient,2,3,-1.5020134215905365,-1.6453645263975227
superficial,2,3,-1.5020134215905365,-1.6453645263975227
flights,2,3,-1.5020134215905365,-1.6453645263975227
extremely,95,43,-0.30393109247707883,-1.6533870331901699
conduct,139,60,-0.25649384525912566,-1.6601701395812096
pepper,192,80,-0.22116978985275892,-1.6616059072083922
pictures,67,32,-0.3576401749043061,-1.664176279435833
line,77,36,-0.33631480402083724,-1.66554383229423
restrained,57,28,-0.38574573785419375,-1.671367327766667
health,33,18,-0.49044347748898787,-1.673688534358113
comments,33,18,-0.49044347748898787,-1.673688534358113
recognized,33,18,-0.49044347748898787,-1.673688534358113
sleeping,11,8,-0.7781078826049992,-1.6745396099797711
intervened,11,8,-0.7781078826049992,-1.6745396099797711
attacking,11,8,-0.7781078826049992,-1.6745396099797711
notified,136,59,-0.2615057873701838,-1.6771816016494976
emotional,9,7,-0.8452449727518339,-1.6772016954863638
obvious,13,9,-0.7288390457237117,-1.6807494253580741
apartments,13,9,-0.7288390457237117,-1.6807494253580741
bit,26,15,-0.5465285343814994,-1.6855237555084928
exhibiting,7,6,-0.9424065075619374,-1.6938892871383244
shop,7,6,-0.9424065075619374,-1.6938892871383244
raised,79,37,-0.33807355849279297,-1.6968678499928456
unruly,35,19,-0.4856724095364626,-1.704251286651649
encountered,35,19,-0.4856724095364626,-1.704251286651649
weight,489,189,-0.14608841521374671,-1.704602813008492
depo,17,11,-0.661250177872871,-1.708813694654919
offered,17,11,-0.661250177872871,-1.708813694654919
truck,28,16,-0.5369612942816282,-1.7133102769441986
blank,28,16,-0.5369612942816282,-1.7133102769441986
swat,19,12,-0.6370381311003417,-1.7275786460257845
incidents,19,12,-0.6370381311003417,-1.7275786460257845
assume,5,5,-1.0965549719178433,-1.7337864243468462
bullet,5,5,-1.0965549719178433,-1.7337864243468462
sending,5,5,-1.0965549719178433,-1.7337864243468462
intox,5,5,-1.0965549719178433,-1.7337864243468462
dealings,5,5,-1.0965549719178433,-1.7337864243468462
determining,5,5,-1.0965549719178433,-1.7337864243468462
rib,37,20,-0.48139806357458426,-1.7344338409819395
care,61,30,-0.3869204346108024,-1.7349530820214683
facing,295,119,-0.18881730881481484,-1.7380510334645176
single,30,17,-0.5285952555070423,-1.7411592663028217
city,265,108,-0.1990640393737646,-1.7431115524399134
come,311,125,-0.18519437063602862,-1.7480252790360193
gas,21,13,-0.6169995914432054,-1.7482810992646307
layed,21,13,-0.6169995914432054,-1.7482810992646307
stabilize,300,121,-0.18867944254283397,-1.751340110382443
calmed,73,35,-0.36149214443064714,-1.7580726361063082
engage,46,24,-0.4460027565230007,-1.771098223454271
swearing,58,29,-0.40344974930449773,-1.7738036181093098
warrant,189,80,-0.23692482087312605,-1.7758320470533253
jump,90,42,-0.3344722772319493,-1.7896323925833129
sides,41,22,-0.474058510956052,-1.7936484827099073
ready,48,25,-0.44426734744315866,-1.8011168497925085
evident,3,4,-1.384234824358078,-1.8123750509983245
leggings,3,4,-1.384234824358078,-1.8123750509983245
cursed,3,4,-1.384234824358078,-1.8123750509983245
served,3,4,-1.384234824358078,-1.8123750509983245
lighter,3,4,-1.384234824358078,-1.8123750509983245
assaulting,3,4,-1.384234824358078,-1.8123750509983245
purple,3,4,-1.384234824358078,-1.8123750509983245
irritated,3,4,-1.384234824358078,-1.8123750509983245
convinced,3,4,-1.384234824358078,-1.8123750509983245
incustody,3,4,-1.384234824358078,-1.8123750509983245
resides,3,4,-1.384234824358078,-1.8123750509983245
minimal,3,4,-1.384234824358078,-1.8123750509983245
cough,3,4,-1.384234824358078,-1.8123750509983245
told,2659,951,-0.06876236224608423,-1.8142259732855623
cap,36,20,-0.5087992608459526,-1.8242901598422303
tape,36,20,-0.5087992608459526,-1.8242901598422303
using,681,260,-0.13386908616656257,-1.8347737208601986
lap,10,8,-0.8734202831514892,-1.8412953196353903
unhandcuffed,10,8,-0.8734202831514892,-1.8412953196353903
anger,10,8,-0.8734202831514892,-1.8412953196353903
lateral,16,11,-0.7218770215677335,-1.8429990210277551
names,16,11,-0.7218770215677335,-1.8429990210277551
neighbors,16,11,-0.7218770215677335,-1.8429990210277551
worn,94,44,-0.33751160304163896,-1.8474879958071124
suffered,18,12,-0.6911075744744846,-1.854376955188558
fashion,18,12,-0.6911075744744846,-1.854376955188558
higher,8,7,-0.9630302284344285,-1.8607203608845235
occasions,8,7,-0.9630302284344285,-1.8607203608845235
vestibule,8,7,-0.9630302284344285,-1.8607203608845235
stealing,8,7,-0.9630302284344285,-1.8607203608845235
incoherent,8,7,-0.9630302284344285,-1.8607203608845235
serve,8,7,-0.9630302284344285,-1.8607203608845235
ahold,86,41,-0.35583933655408373,-1.874734204567097
knocked,81,39,-0.36572485938857824,-1.8762378849925916
spun,47,25,-0.4653229800109493,-1.879644492076569
past,202,86,-0.2427358461289062,-1.8847173172915366
securing,116,53,-0.31332947802040056,-1.8895338034659477
laceration,66,33,-0.40345859285594443,-1.892203679693877
erratically,6,6,-1.0965594062477901,-1.8992713318893524
sum,6,6,-1.0965594062477901,-1.8992713318893524
forming,6,6,-1.0965594062477901,-1.8992713318893524
clutching,6,6,-1.0965594062477901,-1.8992713318893524
timely,6,6,-1.0965594062477901,-1.8992713318893524
cravat,6,6,-1.0965594062477901,-1.8992713318893524
glassy,6,6,-1.0965594062477901,-1.8992713318893524
existing,6,6,-1.0965594062477901,-1.8992713318893524
investigated,6,6,-1.0965594062477901,-1.8992713318893524
wasn,93,44,-0.34820911614472827,-1.9027864885941899
words,24,15,-0.6265756872511954,-1.903595588363763
processing,26,16,-0.6110737118589213,-1.9230763400347566
sat,270,112,-0.21675507506162006,-1.927861188792873
techniques,37,21,-0.5301948848335947,-1.9404667908014255
cursing,37,21,-0.5301948848335947,-1.9404667908014255
utilized,125,57,-0.3113719071046974,-1.9478730852021782
broken,70,35,-0.4034630147790228,-1.9487095909375267
guiding,65,33,-0.41872828866390677,-1.958802735357395
language,39,22,-0.524073377925296,-1.9653671973465963
management,4,5,-1.3197007397388436,-1.9672743275255584
disoriented,4,5,-1.3197007397388436,-1.9672743275255584
voices,4,5,-1.3197007397388436,-1.9672743275255584
psychiatric,4,5,-1.3197007397388436,-1.9672743275255584
maintaing,4,5,-1.3197007397388436,-1.9672743275255584
planned,4,5,-1.3197007397388436,-1.9672743275255584
wire,4,5,-1.3197007397388436,-1.9672743275255584
prostitution,4,5,-1.3197007397388436,-1.9672743275255584
swallow,4,5,-1.3197007397388436,-1.9672743275255584
pointer,4,5,-1.3197007397388436,-1.9672743275255584
mentally,4,5,-1.3197007397388436,-1.9672743275255584
runaway,4,5,-1.3197007397388436,-1.9672743275255584
rocks,15,11,-0.7864177644888937,-1.9810543047089468
checks,13,10,-0.8342062162121451,-1.9832172239214385
launching,13,10,-0.8342062162121451,-1.9832172239214385
crouched,17,12,-0.7482682103445377,-1.9845398282178224
bottles,19,13,-0.7170874945200616,-1.9921900014673826
speech,19,13,-0.7170874945200616,-1.9921900014673826
club,11,9,-0.8958975726755654,-1.9932024821681553
unrest,11,9,-0.8958975726755654,-1.9932024821681553
impacted,11,9,-0.8958975726755654,-1.9932024821681553
afterward,11,9,-0.8958975726755654,-1.9932024821681553
shattered,11,9,-0.8958975726755654,-1.9932024821681553
getting,335,137,-0.2025504915854155,-1.9964451267019252
meet,21,14,-0.6911142195778801,-2.0029646174612026
half,139,63,-0.30530398971164363,-2.009790781523759
tools,9,8,-0.9787830192771008,-2.0142809812157063
guards,9,8,-0.9787830192771008,-2.0142809812157063
arrests,9,8,-0.9787830192771008,-2.0142809812157063
shook,9,8,-0.9787830192771008,-2.0142809812157063
kitchen,144,65,-0.3012193653950037,-2.0154001440210365
violently,131,60,-0.31578824976246267,-2.0254017445722314
drinking,25,16,-0.6502966476726026,-2.031097505280772
cut,141,64,-0.3067686009250581,-2.034925947457096
picked,88,43,-0.38048673735997696,-2.0446723720649564
narrative,285,119,-0.2233257374679205,-2.0454178484505
retention,7,7,-1.0965638406171259,-2.051451243323332
extra,7,7,-1.0965638406171259,-2.051451243323332
mob,7,7,-1.0965638406171259,-2.051451243323332
does,29,18,-0.6196641005697163,-2.0650056529924616
wrist,2461,891,-0.08101598737185611,-2.066084168880585
intermittently,2,4,-1.7897021411832394,-2.066557831908946
begun,2,4,-1.7897021411832394,-2.066557831908946
deal,2,4,-1.7897021411832394,-2.066557831908946
squatting,2,4,-1.7897021411832394,-2.066557831908946
min,2,4,-1.7897021411832394,-2.066557831908946
sedate,2,4,-1.7897021411832394,-2.066557831908946
tub,2,4,-1.7897021411832394,-2.066557831908946
clinching,2,4,-1.7897021411832394,-2.066557831908946
strapping,2,4,-1.7897021411832394,-2.066557831908946
barking,2,4,-1.7897021411832394,-2.066557831908946
derogatory,2,4,-1.7897021411832394,-2.066557831908946
tag,2,4,-1.7897021411832394,-2.066557831908946
corners,2,4,-1.7897021411832394,-2.066557831908946
watery,2,4,-1.7897021411832394,-2.066557831908946
respd,2,4,-1.7897021411832394,-2.066557831908946
fingernails,2,4,-1.7897021411832394,-2.066557831908946
stretcher,130,60,-0.32345334680368154,-2.0720630464170475
ankle,117,55,-0.3417981011920208,-2.090294779721935
responded,2226,810,-0.08605032349458863,-2.09150173877964
exactly,5,6,-1.2788831809427528,-2.111980518011452
bleed,5,6,-1.2788831809427528,-2.111980518011452
steal,5,6,-1.2788831809427528,-2.111980518011452
stairway,16,12,-0.8088950541044078,-2.1181199960451704
retreated,16,12,-0.8088950541044078,-2.1181199960451704
shotgun,18,13,-0.7711569379523269,-2.1186308910095613
items,44,25,-0.5312876178325521,-2.121146915954722
closet,44,25,-0.5312876178325521,-2.121146915954722
convince,14,11,-0.8554128576453319,-2.1230208336596537
lives,20,14,-0.7399066060887893,-2.123247324028503
regained,22,15,-0.7135915092714686,-2.1310252062204533
available,22,15,-0.7135915092714686,-2.1310252062204533
vertically,12,10,-0.9142511451983051,-2.135178965291209
hour,12,10,-0.9142511451983051,-2.135178965291209
including,53,29,-0.49361196394370843,-2.1368770683039644
decided,121,57,-0.3439039957695327,-2.1403391582990023
wait,37,22,-0.5767215577359206,-2.1420311332407427
threatened,79,40,-0.4160550760809709,-2.143727956728828
sitting,300,126,-0.22920411987553813,-2.1582031465000333
threats,103,50,-0.3739307078691123,-2.169122647524684
want,163,74,-0.3069779676832889,-2.1894978393461475
thrashing,115,55,-0.3590443560049703,-2.1896875322493843
discharge,8,8,-1.0965682750258505,-2.1930976266639255
veh,8,8,-1.0965682750258505,-2.1930976266639255
intoxication,32,20,-0.6265911886294298,-2.198107190844839
bumper,3,5,-1.6073850259139348,-2.2009843068965242
belligerant,3,5,-1.6073850259139348,-2.2009843068965242
operated,3,5,-1.6073850259139348,-2.2009843068965242
landlord,3,5,-1.6073850259139348,-2.2009843068965242
widened,3,5,-1.6073850259139348,-2.2009843068965242
falling,95,47,-0.3929052150385015,-2.2028945413447873
forehead,52,29,-0.5126623824103973,-2.2118400135160634
covered,34,21,-0.6147589421317239,-2.214866650038421
used,1071,407,-0.12932674748874984,-2.218061140006556
rod,1,4,-2.482851508226938,-2.220722088838953
awake,1,4,-2.482851508226938,-2.220722088838953
encroached,1,4,-2.482851508226938,-2.220722088838953
carefully,1,4,-2.482851508226938,-2.220722088838953
anxious,1,4,-2.482851508226938,-2.220722088838953
lamp,1,4,-2.482851508226938,-2.220722088838953
phase,1,4,-2.482851508226938,-2.220722088838953
poor,1,4,-2.482851508226938,-2.220722088838953
precautionary,1,4,-2.482851508226938,-2.220722088838953
believes,1,4,-2.482851508226938,-2.220722088838953
gurny,1,4,-2.482851508226938,-2.220722088838953
cement,1,4,-2.482851508226938,-2.220722088838953
beverages,1,4,-2.482851508226938,-2.220722088838953
railings,1,4,-2.482851508226938,-2.220722088838953
pupils,1,4,-2.482851508226938,-2.220722088838953
reported,109,53,-0.3755873560087304,-2.2425175916392126
stick,19,14,-0.7912021227543722,-2.246237908861424
slamming,19,14,-0.7912021227543722,-2.246237908861424
buckle,6,7,-1.2507167393029803,-2.248048659273358
incoherently,6,7,-1.2507167393029803,-2.248048659273358
understand,6,7,-1.2507167393029803,-2.248048659273358
hurting,17,13,-0.8283175738747648,-2.24811324207261
protesters,17,13,-0.8283175738747648,-2.24811324207261
monitor,15,12,-0.8734357970824007,-2.255134798012802
support,25,17,-0.7109279261213484,-2.2613921690816405
hair,40,24,-0.5857780386213776,-2.2685574931483745
manager,13,11,-0.9295230513292463,-2.2688776508367976
river,13,11,-0.9295230513292463,-2.2688776508367976
prevent,618,245,-0.17155978668291905,-2.2706423653022525
deputy,27,18,-0.6911275101831791,-2.2711678642112862
dog,29,19,-0.6737379787716034,-2.2825698503541605
blanket,11,10,-1.0012647433013075,-2.2915298736346212
screaming,375,156,-0.21966767571222956,-2.304539972581264
test,44,26,-0.5705149887089576,-2.3062136372090434
manipulation,44,26,-0.5705149887089576,-2.3062136372090434
obey,33,21,-0.6446141283278006,-2.3091110085731965
rolled,284,122,-0.25176044561066924,-2.3248713008337756
stablized,9,9,-1.0965727094739641,-2.3261355466129454
lots,9,9,-1.0965727094739641,-2.3261355466129454
inflicted,4,6,-1.5020289484859024,-2.3269084811989265
wounds,4,6,-1.5020289484859024,-2.3269084811989265
segmentation,4,6,-1.5020289484859024,-2.3269084811989265
limbs,4,6,-1.5020289484859024,-2.3269084811989265
cord,4,6,-1.5020289484859024,-2.3269084811989265
experiencing,4,6,-1.5020289484859024,-2.3269084811989265
prisoner,39,24,-0.6110980698365278,-2.3553199589790803
threatening,124,60,-0.3707195773043104,-2.3569213184117404
answer,73,39,-0.469732363553236,-2.3680244420254346
waving,20,15,-0.8089061338972066,-2.3681445543303665
slam,22,16,-0.7781366869101625,-2.368195576779959
biting,24,17,-0.751752143296363,-2.37133898763568
limited,18,14,-0.8452715662294903,-2.371954530451918
edge,18,14,-0.8452715662294903,-2.371954530451918
obviously,7,8,-1.2301018872085479,-2.37674328358737
eviction,7,8,-1.2301018872085479,-2.37674328358737
guided,225,100,-0.2857681242624803,-2.3770034023087105
cuff,189,86,-0.30928544986383066,-2.3771645813374307
cutting,16,13,-0.888944417680209,-2.380638478147426
actions,133,64,-0.3651971578576845,-2.400085645148969
straps,32,21,-0.6753880100165048,-2.404781375426921
minimize,2,5,-2.0128523407941206,-2.405803498635721
sdo,2,5,-2.0128523407941206,-2.405803498635721
sleeves,2,5,-2.0128523407941206,-2.405803498635721
offer,2,5,-2.0128523407941206,-2.405803498635721
cam,2,5,-2.0128523407941206,-2.405803498635721
willing,12,11,-1.0095679803600959,-2.4185081389007252
matter,12,11,-1.0095679803600959,-2.4185081389007252
brother,47,28,-0.5786716387203867,-2.423793816907547
son,65,36,-0.5057596410366312,-2.4341465980616213
file,5,7,-1.4330405138391686,-2.4473509399884517
rambling,5,7,-1.4330405138391686,-2.4473509399884517
medications,5,7,-1.4330405138391686,-2.4473509399884517
leave,501,205,-0.2031877171737584,-2.4491204258123673
unlock,10,10,-1.0965771439614649,-2.451966628481343
husband,10,10,-1.0965771439614649,-2.451966628481343
called,306,132,-0.2559481370011998,-2.4568840820862925
behaving,1,5,-2.7060017003357686,-2.4702212514246824
patron,1,5,-2.7060017003357686,-2.4702212514246824
ram,1,5,-2.7060017003357686,-2.4702212514246824
sgts,1,5,-2.7060017003357686,-2.4702212514246824
telephone,1,5,-2.7060017003357686,-2.4702212514246824
comprehend,1,5,-2.7060017003357686,-2.4702212514246824
axe,1,5,-2.7060017003357686,-2.4702212514246824
joint,53,31,-0.5603166547077674,-2.4778496448151217
combative,217,98,-0.3017729405527172,-2.4787782787240022
feel,62,35,-0.5248416614017763,-2.482156483617384
arm,6085,2162,-0.06261389358778047,-2.4830307184501437
spin,23,17,-0.7943139803238974,-2.483314605120976
objects,25,18,-0.7680929968082033,-2.484652495301364
stand,486,200,-0.2088926425050106,-2.484967833762588
admitted,44,27,-0.608261974542863,-2.4879259309147925
tied,19,15,-0.8602016505983059,-2.4903883869222883
shaking,8,9,-1.2143579652227139,-2.499081109251852
morning,8,9,-1.2143579652227139,-2.499081109251852
riotous,17,14,-0.9024322021890487,-2.500388051576256
modified,64,36,-0.5212660512708922,-2.5018210624449475
restrain,46,28,-0.6001800673466438,-2.5037448823022035
intersection,148,71,-0.36214406355681916,-2.5079957157158574
space,57,33,-0.550082079802289,-2.5145503376910314
garage,35,23,-0.6767542751769078,-2.521089060951423
kicking,836,329,-0.1642939085580455,-2.521760071784756
parts,3,6,-1.7897132338274293,-2.5310142994818965
tighter,3,6,-1.7897132338274293,-2.5310142994818965
parade,3,6,-1.7897132338274293,-2.5310142994818965
gear,3,6,-1.7897132338274293,-2.5310142994818965
flat,37,24,-0.663746249727236,-2.5323024451409766
arrest,1143,440,-0.14228451132214381,-2.5325207069188096
personnel,96,50,-0.44432707305866614,-2.547320293660313
started,722,288,-0.17778054197824478,-2.5485370090592037
overdose,6,8,-1.384254785795168,-2.563102823993261
carrying,63,36,-0.5370166319278002,-2.5700849733453692
patrons,11,11,-1.0965815784883564,-2.571648984218065
soft,11,11,-1.0965815784883564,-2.571648984218065
photos,528,217,-0.20760480192129016,-2.5728191896921224
thighs,30,21,-0.7399309771168223,-2.600474364233053
breaking,67,38,-0.529530382737649,-2.607225947642193
flower,18,15,-0.9142710941040644,-2.615074871092287
curse,9,10,-1.2019398801333843,-2.6158815236525363
taken,894,352,-0.1648144156904534,-2.616306426470846
regarding,69,39,-0.5260941952294385,-2.625792638058754
willingly,16,14,-0.963059046024803,-2.631491080295779
personal,16,14,-0.963059046024803,-2.631491080295779
history,38,25,-0.6779044316640768,-2.6322729608810436
private,55,33,-0.5858046095702214,-2.6601736515699677
bleeding,55,33,-0.5858046095702214,-2.6601736515699677
break,217,100,-0.3219889719612983,-2.663233051746412
needles,1,6,-2.888329898246532,-2.6740638326196144
footprints,1,6,-2.888329898246532,-2.6740638326196144
control,1639,621,-0.12651381957259034,-2.6794685273957235
vehicles,75,42,-0.516827192436633,-2.681364012117781
assisted,1706,645,-0.12437881252939942,-2.685250807309892
clamp,2,6,-2.195180546484785,-2.6885182805512366
thoughts,2,6,-2.195180546484785,-2.6885182805512366
local,2,6,-2.195180546484785,-2.6885182805512366
arrival,887,351,-0.1698391812576352,-2.690341144044421
flail,68,39,-0.5406952184099971,-2.69153231919609
throwing,98,52,-0.4629373700464061,-2.6978996587116333
awaiting,29,21,-0.7738347517287316,-2.700526154107831
escort,453,191,-0.23317866855108704,-2.7011729557458897
pointing,25,19,-0.8221668751130942,-2.701217947376625
necessary,23,18,-0.8514790510617285,-2.7055947070353694
heroin,23,18,-0.8514790510617285,-2.7055947070353694
end,86,47,-0.4924548262387116,-2.7144391872035594
relieved,19,16,-0.9247468283257412,-2.725265850579343
knock,19,16,-0.9247468283257412,-2.725265850579343
pills,19,16,-0.9247468283257412,-2.725265850579343
services,10,11,-1.1918939791485137,-2.727810678858981
continually,39,26,-0.691154092987933,-2.729650855125608
banging,65,38,-0.5598401796907666,-2.741243909391855
smash,5,8,-1.5665785600733493,-2.747923077912913
crazy,5,8,-1.5665785600733493,-2.747923077912913
asleep,5,8,-1.5665785600733493,-2.747923077912913
attempts,111,58,-0.44758498467829355,-2.7620667126777554
created,15,14,-1.0275997890623358,-2.7651627314593163
aided,8,10,-1.3197251358358262,-2.782170007119962
resistant,13,13,-1.0965904476603114,-2.795687384974121
overdosed,3,7,-1.9438705652948833,-2.816909863724236
futon,3,7,-1.9438705652948833,-2.816909863724236
needle,3,7,-1.9438705652948833,-2.816909863724236
claiming,3,7,-1.9438705652948833,-2.816909863724236
facility,11,12,-1.1835996111829008,-2.835416087088072
cuts,11,12,-1.1835996111829008,-2.835416087088072
drunk,11,12,-1.1835996111829008,-2.835416087088072
crisis,1,7,-3.0424872193937063,-2.8459753045183294
tactic,126,65,-0.43479079610905735,-2.846576755253042
hotel,18,16,-0.9788162718522155,-2.8486666738236384
registered,6,9,-1.5020444757604867,-2.8498835005595895
detailed,6,9,-1.5020444757604867,-2.8498835005595895
concerned,46,30,-0.6691862550543402,-2.8513120023811074
hitting,109,58,-0.46577175208835886,-2.8652936513266236
razor,9,11,-1.2972567152867551,-2.886150586045956
task,9,11,-1.2972567152867551,-2.886150586045956
bystanders,9,11,-1.2972567152867551,-2.886150586045956
protestors,9,11,-1.2972567152867551,-2.886150586045956
transport,181,88,-0.37555607214831177,-2.8891164435073122
result,83,47,-0.52796818651602,-2.891786172379941
tried,753,306,-0.19641610040067015,-2.894457997147903
conversation,67,40,-0.5808369948163374,-2.9065745861440186
waiting,120,63,-0.45232844175463516,-2.9067626023099895
strapped,23,19,-0.9055529294061255,-2.9208540150155224
knees,301,136,-0.30231371888942427,-2.9247523465167915
sling,2,7,-2.349337875570635,-2.930118988411713
guest,2,7,-2.349337875570635,-2.930118988411713
pizza,2,7,-2.349337875570635,-2.930118988411713
seated,270,124,-0.3186177247613404,-2.9359631392403385
unresponsive,12,13,-1.1766353767105908,-2.9391528232892044
sweating,7,10,-1.4532587478399055,-2.948896777044569
nose,32,24,-0.8089393751951057,-2.995546918687988
decision,30,23,-0.8309160702908169,-2.997910511965934
wrists,111,60,-0.4814998564229356,-3.0044162152362848
dead,151,77,-0.4232353368694781,-3.0216903828159656
field,50,33,-0.6811259070797622,-3.0366307604988743
mattress,13,14,-1.1707050760392548,-3.0394032181074757
states,20,18,-0.9912476609800862,-3.0508676067632847
behavior,226,108,-0.3583456417543953,-3.0623442185173673
sleep,3,8,-2.077408609901637,-3.0685062222578283
locked,213,103,-0.370181847963158,-3.083514904332943
carry,37,27,-0.7815492588677575,-3.087585634212662
member,41,29,-0.7503584918521575,-3.0922738876213898
cease,29,23,-0.8648198449334341,-3.0971494188817723
highly,62,39,-0.6330818808996828,-3.097285026610418
works,6,10,-1.607411646049437,-3.112687485882001
lie,6,10,-1.607411646049437,-3.112687485882001
determined,137,72,-0.4533927825530295,-3.1141315259691806
gpd,2,8,-2.4828759176965516,-3.1405950133938796
compression,117,64,-0.49340793969716223,-3.172999218866064
boyfriend,54,36,-0.691187324483252,-3.2120402844553078
effort,73,45,-0.6128731614368252,-3.2332820675833727
trooper,49,34,-0.7311904595656795,-3.275595442854673
did,3899,1443,-0.10348196043416369,-3.342577993879664
evaluation,38,29,-0.8263510687204558,-3.3510913782949383
sense,21,20,-1.0478291043730312,-3.353539471116156
stated,933,382,-0.2040177413619464,-3.3547038646075245
protest,6,11,-1.702728480731297,-3.354945176711568
english,6,11,-1.702728480731297,-3.354945176711568
influence,30,25,-0.9143109947068648,-3.3761126848916656
mobs,9,13,-1.4643241114105638,-3.3768249961365933
wall,321,150,-0.3360120591046014,-3.395824993671331
lethal,4,10,-2.0128811849533026,-3.402347104375612
lifting,126,70,-0.508932070760661,-3.4133378222179287
room,499,220,-0.2779097521896663,-3.4316759712810896
spoke,240,118,-0.38683059299302425,-3.4393256886696006
mobile,18,19,-1.1506864996663495,-3.4982543857122135
window,660,283,-0.25015700544011477,-3.5175449228717373
tonight,8,13,-1.5821093668030919,-3.5207402068732687
making,223,112,-0.40810983885064456,-3.5226724795698097
lobby,21,21,-1.096625925923842,-3.5533084841596048
relax,104,62,-0.5794578708518703,-3.6108164498158857
help,208,107,-0.43207355379386136,-3.6306940686854468
position,1175,478,-0.19769118331753877,-3.6385422936235727
hispanic,7,13,-1.7156429782987885,-3.6595176661943833
resident,20,21,-1.1454183125538293,-3.6658702313979847
walls,13,17,-1.3648810602624728,-3.7043849852126223
profusely,5,12,-1.9720702855443406,-3.704816963100786
agreed,34,29,-0.937585596693042,-3.708932489079892
carried,78,51,-0.6718157562490168,-3.7301667061048103
citizen,16,19,-1.2684739795095368,-3.7382434965367546
mirror,16,19,-1.2684739795095368,-3.7382434965367546
chest,654,285,-0.26635847576118543,-3.7494005951372587
glass,88,56,-0.6447248858534067,-3.7710520665517193
bags,19,21,-1.196713829309246,-3.779440641792007
ros,35,30,-0.9425040465802859,-3.787826191730803
men,4,12,-2.195216049475393,-3.8021751772427415
upstairs,97,61,-0.6328861791771994,-3.8723590398837135
bedroom,99,62,-0.6287400404558952,-3.881486548454725
self,18,21,-1.2507832728400743,-3.8938298785871646
reaction,24,25,-1.1374678832676377,-3.9800920513693177
neighbor,45,37,-0.9009345259423576,-4.059329112427806
arrived,902,386,-0.24832096615281163,-4.077841824476411
bathroom,95,62,-0.6699918953406261,-4.103032966747971
redacted,2607,1014,-0.15319500768540362,-4.125790516693352
ankles,127,77,-0.5963814726064527,-4.128229305452958
kill,144,85,-0.5696165695111679,-4.163441556582789
couch,135,81,-0.5859463631767357,-4.168144082155993
fuck,235,126,-0.47354571503071075,-4.287155756871776
residents,21,25,-1.2710059437044112,-4.293646742627506
ipd,6,16,-2.077455206930459,-4.339578400032538
cans,6,16,-2.077455206930459,-4.339578400032538
friend,22,26,-1.2637110766073256,-4.362166209213797
tracks,3,16,-2.7706090119344875,-4.403664334187252
stairwell,26,29,-1.2058673673933367,-4.464547361895921
stair,8,18,-1.9075650479039368,-4.489141091032789
bite,88,62,-0.7465475407899849,-4.50172395234915
piece,14,22,-1.5486332616433902,-4.529561869682267
apt,40,38,-1.0454035845703213,-4.61446009614927
floor,453,221,-0.3792679528862912,-4.619285053516393
wagon,24,29,-1.2859145205880544,-4.659651774366527
chair,137,87,-0.6427346992876224,-4.687324284360744
law,32,34,-1.1573126515732373,-4.698523351812049
brick,7,19,-2.0951725357349265,-4.738589451585635
working,184,110,-0.5824007889994771,-4.830818556500884
suicide,11,22,-1.7898019811873578,-4.8466489185845685
staff,387,198,-0.42683328267973675,-4.882200828324658
toilet,5,21,-2.5317459699775533,-5.087686343974147
gourney,3,23,-3.1335610785242505,-5.104708472932572
hygiene,54,50,-1.0197846202245113,-5.195455110673864
security,365,194,-0.4649740503990927,-5.230288597931933
speak,198,122,-0.612659003629977,-5.321213686802142
wife,16,30,-1.7253056164442029,-5.572981734022414
bar,561,283,-0.4128964018644554,-5.658240485621706
stairs,232,142,-0.6060523031913716,-5.685812177523335
mental,122,90,-0.7926494821786925,-5.703146209114892
crew,69,64,-1.021582124490588,-5.885697689651546
restraints,50,55,-1.1920980345292564,-6.1000466049570985
kick,708,353,-0.401334041344211,-6.153149568671968
hospital,586,304,-0.4409627436155219,-6.233128469728314
team,60,64,-1.1613640809527794,-6.4619475074084916
rural,261,166,-0.6445254242890099,-6.489401121139925
bed,186,134,-0.7691047747628934,-6.785300874994665
bridge,32,51,-1.5628909653309462,-6.9296578013810946
legs,1179,562,-0.35673612377747244,-6.947641939931402
intoxicated,201,147,-0.7841925889005408,-7.223139130186881
railing,42,63,-1.5023240315675608,-7.540762763793624
hobble,363,233,-0.6539133441024809,-7.784925178168334
suicidal,58,84,-1.4673370138285122,-8.593560805502172
gurney,708,432,-0.6038189327586156,-9.878582719440892
ambulance,610,394,-0.6606939533807186,-10.211375232736556
apartment,221,202,-1.0074920193027426,-10.345216268084421
